full_id,osm_id,osm_type,railway,bus,natural,email,monorail,iata,highway,description,addr:housenumber,railway:ref,usage,source_url,indoor,emergency,defibrillator:location,bicycle,location,check_date:wheelchair,source:name,contact:url,name:pt,colour,type,name:es,name:ar,toilets:wheelchair,wheelchair:description,alt_name,light_rail,nohousenumber,addr:street,intercambiador,subway,station,layer,covered,old_name,ref,fare_zone,door,access,wikimedia_commons,internet_access,fare_area,addr:postcode,addr:city,level,entrance,wheelchair,wikipedia,wikidata,website,url,train,public_transport,platforms,operator:wikidata,operator,network:wikidata,network,name,contact:website
n79715911,"79715911",node,station,,,,,,,,,,,,,,,,,,,,,,,,,,,,,,,,,,,,,,,,,,,,,,,,,es:Estación de Fuencarral (Cercanías Madrid),Q8779819,https://www.adif.es/-/17001-fuencarral,https://www.crtm.es/tu-transporte-publico/cercanias-renfe/estaciones/5_31,yes,station,"2",Q2476154,Renfe,Q1054785,Cercanías Madrid,Fuencarral,http://www.citram.es/HORARIOS/info.aspx?estacion=5_31
n354942331,"354942331",node,subway_entrance,,,,,,,,,,,,,,,,,,,,,,,,,,,,,,,,,,,,,,,,,,,,,,,,yes,,,,,,,,,,,,Metro Tres Olivos,
n390964073,"390964073",node,,,,,,,,,,,,,,,,,,,,,,,,,,,,,,,,,,,,,,,,,,,,,,,"0",main,yes,,,,,,,,,,,,Acceso Calle del Simca,
n845763449,"845763449",node,station,,,,,,,,,,,,,,,,,,,,,,,,,,,,,,,,,,,,,,,,,,,,,,,,no,,,https://www.adif.es/-/17003-el-goloso,https://www.crtm.es/tu-transporte-publico/cercanias-renfe/estaciones/5_37,yes,station,,Q2476154,Renfe,Q1054785,Cercanías Madrid,El Goloso,http://www.citram.es/HORARIOS/info.aspx?estacion=5_37
n1152895181,"1152895181",node,station,,,,,,,,,,,,,,,,,,,,,,,,,,,,,,,,,,,,,,,,,,no,A,"28021",Madrid,,,limited,es:Estación de Villaverde Bajo,Q2560615,https://www.adif.es/w/60100-villaverde-bajo,https://www.crtm.es/tu-transporte-publico/cercanias-renfe/estaciones/5_93,yes,station,,Q2476154,Renfe,Q1054785,Cercanías Madrid,Villaverde Bajo,https://www.citram.es/HORARIOS/info.aspx?estacion=5_93
n1534461496,"1534461496",node,station,,,,,,,,,,,,,,,,,,,,,,,,,,,,,,,,,,,,,,,,,File:Estación Las Aguilas 1.jpg,,,,,,,,es:Estación de Las Águilas,Q5846576,https://www.adif.es/-/35602-las-%C3%81guilas,https://www.crtm.es/tu-transporte-publico/cercanias-renfe/estaciones/5_1,yes,station,,Q2476154,Renfe,Q1054785,Cercanías Madrid,Las Águilas,http://www.citram.es/HORARIOS/info.aspx?estacion=5_1
n2119739541,"2119739541",node,,,,,,,,,,,,,,,,,,,,,,,,,,,,,,,,,,,,,,,,hinged,yes,,,,,,,main,,,,,,,,,,,,,,
n2529914501,"2529914501",node,subway_entrance,,,,,,,,,,,,,,,,,,,,,,,,,,,,,,,,,,,,,,,,,,,,,,,,,,,,,,,,,,Q191987,Metro de Madrid,Mirasierra,
n2609596171,"2609596171",node,station,,,,,,,,,,,,,,,,,,,,,,,,,,,,,,,,,,,,,"35702",A,,,,,,,,,,no,es:Estación de Doce de Octubre,Q5846116,https://www.adif.es/w/35702-doce-octubre,https://www.crtm.es/tu-transporte-publico/cercanias-renfe/estaciones/5_26,yes,station,,Q2476154,Renfe,Q1054785,Cercanías Madrid,Doce de Octubre,https://www.citram.es/HORARIOS/info.aspx?estacion=5_26
n2609596185,"2609596185",node,station,,,,,,,,,,,,,,,,,,,,,,,,,,,,,,,,,,,,,,,,,,,,,,,,yes,,,https://www.adif.es/-/35609-embajadores,https://www.crtm.es/tu-transporte-publico/cercanias-renfe/estaciones/5_28,yes,station,,Q2476154,Renfe,Q1054785,Cercanías Madrid,Embajadores,http://www.citram.es/HORARIOS/info.aspx?estacion=5_28
n2609596192,"2609596192",node,station,,,,,,,,,,,,,,,,,,,,,,,,,,,,,,,,,,,,Fanjul,"35601",,,,,,,,,,,no,es:Estación de Maestra Justa Freire-Polideportivo Aluche,Q5846227,https://www.adif.es/w/35601-m.justa-freire-p.a.,https://www.crtm.es/tu-transporte-publico/cercanias-renfe/estaciones/5_30,yes,station,,Q2476154,Renfe,Q1054785,Cercanías Madrid,Maestra Justa Freire-Polideportivo Aluche,http://www.citram.es/HORARIOS/info.aspx?estacion=5_30
n2609596200,"2609596200",node,station,,,,,,,,,,,,,,,,,,,,,,,,,,,,,,,,,,,,,,,,,,,,,,,,yes,,,https://www.adif.es/w/35608-laguna,https://www.crtm.es/tu-transporte-publico/cercanias-renfe/estaciones/5_40.aspx,yes,station,,Q2476154,Renfe,Q1054785,Cercanías Madrid,Laguna,http://www.citram.es/HORARIOS/info.aspx?estacion=5_40
n2609596207,"2609596207",node,station,,,,,,,,,,,,,,,,,,,,,,,,,,,,,,,,,,,,,"35704",,,,,,,,,,,no,es:Estación de Puente Alcocer,Q5846980,https://www.adif.es/-/35704-puente-alcocer,https://www.crtm.es/tu-transporte-publico/cercanias-renfe/estaciones/5_62,yes,station,,Q2476154,Renfe,Q1054785,Cercanías Madrid,Puente Alcocer,https://www.citram.es/HORARIOS/info.aspx?estacion=5_62
n3835419267,"3835419267",node,subway_entrance,,,,,,,,,,,,,,,,,,,,,,,,,,,,,,,,,,,,,,,,,,,,,,,,yes,,,,,,,,,,Q191987,Metro de Madrid,,
n4998670036,"4998670036",node,station,,,,,,,,,,,,,,,,,,,,,,,,,,,,,,,,yes,subway,"1",yes,,,,,,,,A,,Madrid,,,yes,es:Estación de Nuevos Ministerios,Q2705508,https://www.metromadrid.es/es/linea/linea-6-circular#estacion-618,http://www.citram.es/HORARIOS/info.aspx?estacion=4_120,,station,,,Metro de Madrid,Q191987,Metro de Madrid,Nuevos Ministerios,
n4999319356,"4999319356",node,station,,,,,,,,,,,,,,,,,,,,,,,,,,,,,,,,,,,,,,,,,,,,,,,,,es:Estación de Recoletos,Q8841582,https://www.adif.es/w/18001-recoletos,https://www.crtm.es/tu-transporte-publico/cercanias-renfe/estaciones/5_65.aspx,yes,station,,Q2476154,Renfe,Q1054785,Cercanías Madrid,Recoletos,http://www.citram.es/HORARIOS/info.aspx?estacion=5_65
n5299261414,"5299261414",node,station,,,,,,,,,,,,,,,,,,,,,,,,,,,,,,,,yes,subway,,,,,,,,,,,,,,,no,es:Estación de Tetuán (Metro de Madrid),Q515413,https://www.metromadrid.es/es/linea/linea-1#estacion-103,http://www.citram.es/HORARIOS/info.aspx?estacion=4_3,,station,,,Metro de Madrid,Q191987,Metro de Madrid,Tetuán,
n5299262123,"5299262123",node,station,,,,,,,,,,,,,,,,,,,,,,,,,,,,,,,Plaza de Castilla,yes,subway,,yes,,,,,,,,A,,Madrid,,,yes,es:Estación de Plaza de Castilla,Q2463399,https://www.metromadrid.es/es/linea/linea-1#estacion-101,http://www.citram.es/HORARIOS/info.aspx?estacion=4_190,,station,,,Metro de Madrid,Q191987,Metro de Madrid,Plaza de Castilla,https://www.crtm.es/widgets/#/stop/4_190
n5299262124,"5299262124",node,station,,,,,,,,,,,,,,,,,,,,,,,,,,,,,yes,Calle de Agustín de Foxá,,yes,subway,,,,,,,,,,A,"28036",Madrid,,,yes,es:Estación de Madrid-Chamartín-Clara Campoamor,Q23081,https://www.metromadrid.es/es/linea/linea-1#estacion-151,http://www.citram.es/HORARIOS/info.aspx?estacion=4_261,,station,,,Metro de Madrid,Q191987,Metro de Madrid,Chamartín,
n5299262125,"5299262125",node,station,,,,,,,,,,,,,,,,,,,,,,,,,,,,,,,,yes,subway,,,,,,,,,,,,,,,,es:Estación de Bambú,Q2244021,https://www.metromadrid.es/es/linea/linea-1#estacion-152,http://www.citram.es/HORARIOS/info.aspx?estacion=4_262,,station,,,Metro de Madrid,Q191987,Metro de Madrid,Bambú,
n5299262126,"5299262126",node,station,,,,,,,,,,,,,,,,,,,,,,,,,,,,yes,,,,yes,subway,,,,,,,,,,A,,,,,,es:Estación de Pinar de Chamartín,Q921800,https://www.metromadrid.es/es/linea/linea-4#estacion-153,http://www.citram.es/HORARIOS/info.aspx?estacion=4_263,,station,,,Metro de Madrid,Q191987,Metro de Madrid,Pinar de Chamartín,
n5299314561,"5299314561",node,station,,,,,,,,,,,,,,,,,,,,,,,,,,,,,,,,yes,subway,,,,,,,,,,A,,,,,yes,es:Estación de Valdecarros,Q667797,https://www.metromadrid.es/es/linea/linea-1#estacion-130,,,station,,,Metro de Madrid,Q191987,Metro de Madrid,Valdecarros,
n5299314562,"5299314562",node,station,,,,,,,,,,,,,,,,,,,,,,,,,,,,,,,,yes,subway,,,,,,,,,,A,,,,,yes,es:Estación de Las Suertes,Q3827256,https://www.metromadrid.es/es/linea/linea-1#estacion-129,,,station,,,Metro de Madrid,Q191987,Metro de Madrid,Las Suertes,
n5299314563,"5299314563",node,,,,,,,,,,,,,,,,,,,,,,,,,,,,,,,,,,,,,,,,,,,,,,,,,,,,,,,,,,,Q191987,Metro de Madrid,,
n5299314564,"5299314564",node,station,,,,,,,,,,,,,,,,,,,,,,,,,,,,,,,,yes,subway,,,,,,,,,,A,,,,,yes,es:Estación de Congosto,Q934059,https://www.metromadrid.es/es/linea/linea-1#estacion-127,,,station,,,Metro de Madrid,Q191987,Metro de Madrid,Congosto,
n5299314565,"5299314565",node,station,,,,,,,,,,,,,,,,,,,,,,,,,,,,,,,,yes,subway,,,,,,,,,,A,,,,,yes,es:Estación de Villa de Vallecas,Q630441,https://www.metromadrid.es/es/linea/linea-1#estacion-126,,,station,,,Metro de Madrid,Q191987,Metro de Madrid,Villa de Vallecas,
n5299314566,"5299314566",node,station,,,,,,,,,,,,,,,,,,,,,,,,,,,,,,,,yes,subway,,,,,,,,,,A,,,,,yes,es:Estación de Sierra de Guadalupe,Q2479478,https://www.metromadrid.es/es/linea/linea-1#estacion-125,https://www.crtm.es/tu-transporte-publico/metro/estaciones/4_25,,station,,,Metro de Madrid,Q191987,Metro de Madrid,Sierra de Guadalupe,http://www.citram.es/HORARIOS/info.aspx?estacion=4_25
n5299314567,"5299314567",node,station,,,,,,,,,,,,,,,,,,,,,,,,,,,,,,,,yes,subway,,,,,,,,,,A,,,,,,es:Estación de Miguel Hernández,Q2479837,https://www.metromadrid.es/es/linea/linea-1#estacion-124,,,station,,,Metro de Madrid,Q191987,Metro de Madrid,Miguel Hernández,
n5299314568,"5299314568",node,station,,,,,,,,,,,,,,,,,,,,,,,,,,,,,,,,yes,subway,,,,,,,,,,A,,,,,yes,es:Estación de Alto del Arenal,Q2479465,https://www.metromadrid.es/es/linea/linea-1#estacion-123,,,station,,,Metro de Madrid,Q191987,Metro de Madrid,Alto del Arenal,
n5299314569,"5299314569",node,station,,,,,,,,,,,,,,,,,,,,,,,,,,,,,,,,yes,subway,,,,,,,,,,A,,,,,,es:Estación de Buenos Aires (Metro de Madrid),Q2479851,https://www.metromadrid.es/es/linea/linea-1#estacion-122,,,station,,,Metro de Madrid,Q191987,Metro de Madrid,Buenos Aires,
n5299314570,"5299314570",node,station,,,,,,,,,,,,,,,,,,,,,,,,,,,,,,,,yes,subway,,,,,,,,,,A,,,,,yes,es:Estación de Portazgo,Q2479031,https://www.metromadrid.es/es/linea/linea-1#estacion-121,,,station,,,Metro de Madrid,Q191987,Metro de Madrid,Portazgo,
n5299314571,"5299314571",node,station,,,,,,,,,,,,,,,,,,,,,,,,,,,,,,,,yes,subway,,,,,,,,,,A,,,,,no,es:Estación de Nueva Numancia,Q2696516,https://www.metromadrid.es/es/linea/linea-1#estacion-120,,,station,,,Metro de Madrid,Q191987,Metro de Madrid,Nueva Numancia,
n5299314572,"5299314572",node,station,,,,,,,,,,,,,,,,,,,,,,,,,,,,,,,,yes,subway,,,,,,,,,,A,,,,,no,es:Estación de Puente de Vallecas,Q2479039,https://www.metromadrid.es/es/linea/linea-1#estacion-119,,,station,,,Metro de Madrid,Q191987,Metro de Madrid,Puente de Vallecas,
n5299314576,"5299314576",node,station,,,,,,,,,,,,,,,,,,,,,,,,,,,,,,,,yes,subway,,,Atocha Renfe,,,,,,,A,,,,,,es:Estación de Atocha,Q23093,https://www.metromadrid.es/es/linea/linea-1#estacion-116,http://www.citram.es/HORARIOS/info.aspx?estacion=4_16,,station,,,Metro de Madrid,Q191987,Metro de Madrid,Atocha,
n5299314577,"5299314577",node,station,,,,,,,,,,,,,,,,,,,,,,,,,,,,,,,,yes,subway,,,Atocha,,,,,,,A,,,,,,es:Estación del Arte,Q2016175,https://www.metromadrid.es/es/linea/linea-1#estacion-115,http://www.citram.es/HORARIOS/info.aspx?estacion=4_15,,station,,,Metro de Madrid,Q191987,Metro de Madrid,Estación del Arte,
n5299314578,"5299314578",node,station,,,,,,,,,,,,,,,,,,,,,,,,,,No Lifts. Steps from all entrances and between platforms. (about 65 from platform to street),"Anton Martin Metro;Anton Martin Metro Station",,,,,yes,subway,,,,,,,,,,A,,,,,no,es:Estación de Antón Martín,Q2473940,https://www.metromadrid.es/es/linea/linea-1#estacion-114,http://www.citram.es/HORARIOS/info.aspx?estacion=4_14,,station,,,Metro de Madrid,Q191987,Metro de Madrid,Antón Martín,
n5299314579,"5299314579",node,station,,,,,,,,,,,,,,,,,,,,,,,,,,,,,,,,yes,subway,,,,,,,,,,A,,,,,,es:Estación de Tirso de Molina,Q2474438,https://www.metromadrid.es/es/linea/linea-1#estacion-113,http://www.citram.es/HORARIOS/info.aspx?estacion=4_13,,station,,,Metro de Madrid,Q191987,Metro de Madrid,Tirso de Molina,
n5299314581,"5299314581",node,station,,,,,,,,,,,,,,,,,,,,,,,,,no,,,,,,,yes,subway,,yes,,,,,,,,A,,,,,no,es:Estación de Gran Vía,Q2729745,https://www.metromadrid.es/es/linea/linea-1#estacion-111,http://www.citram.es/HORARIOS/info.aspx?estacion=4_11,,station,,,Metro de Madrid,Q191987,Metro de Madrid,Gran Vía,
n5299314583,"5299314583",node,station,,,,,,,,,,,,,,,,,,,,,,,,,,,"Tribunal Metro;Tribunal Metro Station",,,,,yes,subway,,yes,,,,,,,,A,,,,,yes,es:Estación de Tribunal,Q2479844,https://www.metromadrid.es/es/linea/linea-1#estacion-110,http://www.citram.es/HORARIOS/info.aspx?estacion=4_10,,station,,,Metro de Madrid,Q191987,Metro de Madrid,Tribunal,
n5299314587,"5299314587",node,station,,,,,,,,,,,,,,,,,,,,,,,,,,Step-free from street via lifts,,,,,,yes,subway,,,,,,,,,,A,,,,,yes,es:Estación de Iglesia,Q1113361,https://www.metromadrid.es/es/linea/linea-1#estacion-108,http://www.citram.es/HORARIOS/info.aspx?estacion=4_8,,station,,,Metro de Madrid,Q191987,Metro de Madrid,Iglesia,
n5299314588,"5299314588",node,station,,,,,,,,,,,,,,,,,,,,,,,,,,,,,,,,yes,subway,,,,,,,,,,A,,,,,no,es:Estación de Ríos Rosas,Q2479349,https://www.metromadrid.es/es/linea/linea-1#estacion-107,http://www.citram.es/HORARIOS/info.aspx?estacion=4_7,,station,,,Metro de Madrid,Q191987,Metro de Madrid,Ríos Rosas,
n5299314590,"5299314590",node,station,,,,,,,,,,,,,,,,,,,,,,,,,,,,,,,,yes,subway,,,,,,,,,,A,,,,,no,es:Estación de Alvarado,Q664440,https://www.metromadrid.es/es/linea/linea-1#estacion-105,http://www.citram.es/HORARIOS/info.aspx?estacion=4_5,,station,,,Metro de Madrid,Q191987,Metro de Madrid,Alvarado,
n5301853067,"5301853067",node,station,,,,,,,,,,,,,,,,,,,,,,,,,no,,,,,,,yes,subway,,,,,,,,,,,,,,,yes,es:Estación de Sol,Q1766008,https://www.metromadrid.es/es/linea/linea-1#estacion-112,http://www.citram.es/HORARIOS/info.aspx?estacion=4_35,,station,,,Metro de Madrid,Q191987,Metro de Madrid,Sol,https://www.crtm.es/widgets/#/stop/4_35
n5301853068,"5301853068",node,station,,,,,,,,,,,,,,,,,,,,,,,,,,,,,,,,yes,subway,,,,,,,,,,,,,,,no,es:Estación de Valdeacederas,Q2055837,https://www.metromadrid.es/es/linea/linea-1#estacion-102,http://www.citram.es/HORARIOS/info.aspx?estacion=4_2,,station,,,Metro de Madrid,Q191987,Metro de Madrid,Valdeacederas,
n5301853069,"5301853069",node,station,,,,,,,,,,,,,,,,,,,,,,,,,,,,,,,,yes,subway,,,,,,,,,,,,,,,no,es:Estación de Estrecho,Q2055525,https://www.metromadrid.es/es/linea/linea-1#estacion-104,http://www.citram.es/HORARIOS/info.aspx?estacion=4_4,,station,,,Metro de Madrid,Q191987,Metro de Madrid,Estrecho,
n5302030275,"5302030275",node,station,,,,,,,,,,,,,,,,,,,,,,public_transport,Colombia,كولومبيا,no,,,,,,,yes,subway,,yes,,,,,,,,A,,,,,limited,es:Estación de Colombia,Q2462831,https://www.metromadrid.es/es/linea/linea-9#estacion-802,http://www.citram.es/HORARIOS/info.aspx?estacion=4_156,,station,,,Metro de Madrid,Q191987,Metro de Madrid,Colombia,
n5302030277,"5302030277",node,station,,,,,,,,,,,,,,,,,,,,,#FB57A1,,,,,,,,,,,yes,subway,,yes,,,,,,,,A,,,,,yes,es:Estación de Pinar del Rey,Q2018370,,http://www.citram.es/HORARIOS/info.aspx?estacion=4_258,,station,,,Metro de Madrid,Q191987,Metro de Madrid,Pinar del Rey,
n5302030279,"5302030279",node,station,,,,,,,,,,,,,,,,,,,,,,,,,,,,,,,,yes,subway,,yes,,,,,,,,A,,,,,yes,es:Estación de Mar de Cristal,Q2597956,https://www.metromadrid.es/es/linea/linea-4#estacion-418,http://www.citram.es/HORARIOS/info.aspx?estacion=4_71,,station,,,Metro de Madrid,Q191987,Metro de Madrid,Mar de Cristal,
n5302030283,"5302030283",node,station,,,,,,,,,,,,,,,,,,,,,#FB57A1,,,,,,,,,,,yes,subway,,yes,,,,,,,,A,,,,,yes,es:Estación de Feria de Madrid,Q2473865,,http://www.citram.es/HORARIOS/info.aspx?estacion=4_158,,station,,,Metro de Madrid,Q191987,Metro de Madrid,Feria de Madrid,
n5302030284,"5302030284",node,station,,,,,,,,,,,,,,,,,,,,Aeroporto de Madrid T1-T2-T3,#FB57A1,,Aeropuerto T1-T2-T3,,,"Lifts down to ticket hall, and from there to platforms. Also stairs. Travelators to Terminals 3, 2 and 1.",,,,,,yes,subway,,yes,,,,,,,,A,,,,,yes,es:Estación de Aeropuerto T1-T2-T3,Q2477093,https://crtm.es/widgets/#/stop/4_159,http://www.citram.es/HORARIOS/info.aspx?estacion=4_159,,station,,,Metro de Madrid,Q191987,Metro de Madrid,Aeropuerto T1-T2-T3,
n5302030285,"5302030285",node,station,,,,,,,,,,,,,,,,,,,,,#FB57A1,,,,,,,,,,,yes,subway,,yes,,,,,,,,A,,Madrid,,,yes,es:Estación de Barajas,Q2474414,,http://www.citram.es/HORARIOS/info.aspx?estacion=4_160,,station,,,Metro de Madrid,Q191987,Metro de Madrid,Barajas,
n5302030286,"5302030286",node,station,,,,,,,,,,,,,,,,,,,https://crtm.es/widgets/#/stop/4_285,,#FB57A1,,,,,,,,,,,yes,subway,,yes,,,,,,,,,,Madrid,,,yes,,,https://www.metromadrid.es/es/linea/linea-8#estacion-808,http://www.citram.es/HORARIOS/info.aspx?estacion=4_285,,station,,,Metro de Madrid,Q191987,Metro de Madrid,Aeropuerto T4,
n5302296020,"5302296020",node,station,,,,,,,,,,,,,,,,,,,,,,,,,,,,,,,,yes,subway,,yes,,,,,,,,A,,,,,,es:Estación de Manoteras,Q3844841,https://www.metromadrid.es/es/linea/linea-4#estacion-422,,,station,,,Metro de Madrid,Q191987,Metro de Madrid,Manoteras,
n5302296721,"5302296721",node,station,,,,,,,,,,,,,,,,,,,,,,,,,,,,,,,,yes,subway,,yes,,,,,,,,A,,,,,,es:Estación de Hortaleza,Q2056542,https://www.metromadrid.es/es/linea/linea-4#estacion-421,,,station,,,Metro de Madrid,Q191987,Metro de Madrid,Hortaleza,
n5302296722,"5302296722",node,station,,,,,,,,,,,,,,,,,,common knowledge,,,,,,,,,,,,,,yes,subway,,yes,,,,,,,,A,,Madrid,,,,es:Estación de Parque de Santa María,Q2481002,https://www.metromadrid.es/es/linea/linea-4#estacion-420,,,station,,,Metro de Madrid,Q191987,Metro de Madrid,Parque de Santa María,
n5302296724,"5302296724",node,station,,,,,,,,,,,,,,,,,,,,,,,,,,,,,,,,yes,subway,,yes,,,,,,,,A,,,,,yes,es:Estación de San Lorenzo,Q2481355,https://www.metromadrid.es/es/linea/linea-4#estacion-419,,,station,,,Metro de Madrid,Q191987,Metro de Madrid,San Lorenzo,
n5302296726,"5302296726",node,station,,,,,,,,,,,,,,,,,,,,,,,,,,,,,,,,yes,subway,,yes,,,,,,,,A,,,,,yes,es:Estación de Canillas,Q2481265,https://www.metromadrid.es/es/linea/linea-4#estacion-417,,,station,,,Metro de Madrid,Q191987,Metro de Madrid,Canillas,
n5302296727,"5302296727",node,station,,,,,,,,,,,,,,,,,,,,,,,,,,,,,,,,yes,subway,,yes,,,,,,,,A,,,,,,es:Estación de Esperanza,Q2481243,https://www.metromadrid.es/es/linea/linea-4#estacion-416,,,station,,,Metro de Madrid,Q191987,Metro de Madrid,Esperanza,
n5302296728,"5302296728",node,station,,,,,,,,,,,,,,,,,,,,,,,,,,,,,,,,yes,subway,,yes,,,,,,,,A,,,,,no,es:Estación de Arturo Soria,Q2481371,https://www.metromadrid.es/es/linea/linea-4#estacion-415,,,station,,,Metro de Madrid,Q191987,Metro de Madrid,Arturo Soria,
n5302296729,"5302296729",node,station,,,,,,,,,,,,,,,,,,,,,,,,,,,,,,,,yes,subway,,,,,,,,,,A,,,,,,es:Estación de Avenida de la Paz,Q526358,https://www.metromadrid.es/es/linea/linea-4#estacion-414,,,station,,,Metro de Madrid,Q191987,Metro de Madrid,Avenida de la Paz,
n5302296730,"5302296730",node,station,,,,,,,,,,,,,,,,,,,,,,,,,,,,,,,,yes,subway,,yes,,,,,,,,A,,,,,,es:Estación de Alfonso XIII,Q2481187,https://www.metromadrid.es/es/linea/linea-4#estacion-413,,,station,,,Metro de Madrid,Q191987,Metro de Madrid,Alfonso XIII,
n5302296731,"5302296731",node,station,,,,,,,,,,,,,,,,,,,,,#9A6908,,,,,,,,,,,yes,subway,,yes,,,,,,,,A,,,,,no,es:Estación de Prosperidad,Q2056525,https://www.metromadrid.es/es/linea/linea-4#estacion-412,,,station,,,Metro de Madrid,Q191987,Metro de Madrid,Prosperidad,
n5302296732,"5302296732",node,station,,,,,,,,,,,,,,,,,,,,,,,,,,,,,,,,yes,subway,,yes,,,,,,,,A,,,,,,es:Estación de Diego de León,Q2055658,https://www.metromadrid.es/es/linea/linea-4#estacion-410,http://www.citram.es/HORARIOS/info.aspx?estacion=4_63,,station,,,Metro de Madrid,Q191987,Metro de Madrid,Diego de León,
n5302296733,"5302296733",node,station,,,,,,,,,,,,,,,,,,,,,,,,,,,,,,,,yes,subway,,yes,,,,,,,,A,,Madrid,,,no,es:Estación de Lista,Q2479567,https://www.metromadrid.es/es/linea/linea-4#estacion-409,,,station,,,Metro de Madrid,Q191987,Metro de Madrid,Lista,
n5302296734,"5302296734",node,station,,,,,,,,,,,,,,,,,,,,,,,,,,,"Metro Goya;Goya Metro Station",,,,,yes,subway,,yes,,,,,,,,A,,Madrid,,,,es:Estación de Goya (Metro de Madrid),Q955699,https://www.metromadrid.es/es/linea/linea-4#estacion-203,,,station,,,Metro de Madrid,Q191987,Metro de Madrid,Goya,
n5302296735,"5302296735",node,station,,,,,,,,,,,,,,,,,,,,,,,,,,,,,,,,yes,subway,,yes,,,,,,,,A,,Madrid,,,no,es:Estación de Velázquez (Metro de Madrid),Q2481170,https://www.metromadrid.es/es/linea/linea-4#estacion-407,,,station,,,Metro de Madrid,Q191987,Metro de Madrid,Velázquez,
n5302296736,"5302296736",node,station,,,,,,,,,,,,,,,,,,common knowledge,,,,,,,,,,,,,,yes,subway,,yes,,,,,,,,A,,Madrid,,,no,es:Estación de Serrano,Q2481179,https://www.metromadrid.es/es/linea/linea-4#estacion-406,,,station,,,Metro de Madrid,Q191987,Metro de Madrid,Serrano,
n5302296737,"5302296737",node,station,,,,,,,,,,,,,,,,,,common knowledge,,,,,,,,,,,,,,yes,subway,,yes,,,,,,,,A,,Madrid,,,no,es:Estación de Colón,Q2481248,https://www.metromadrid.es/es/linea/linea-4#estacion-405,,,station,,,Metro de Madrid,Q191987,Metro de Madrid,Colón,
n5302296738,"5302296738",node,station,,,,,,,,,,,,,,,,,,common knowledge,,,,,,,no,,"Metro Alonso Martínez;Alonso Martínez Metro Station;Metro Alonso Martinez;Alonso Martinez Metro Station",,,,,yes,subway,,yes,,,,,,,,A,,Madrid,,,no,es:Estación de Alonso Martínez,Q2481198,https://www.metromadrid.es/es/linea/linea-4#estacion-404,,,station,,,Metro de Madrid,Q191987,Metro de Madrid,Alonso Martínez,
n5302296740,"5302296740",node,station,,,,,,,,,,,,,,,,,,,,,,,,,,,,,,,,yes,subway,,yes,,,,,,,,A,,Madrid,,,no,es:Estación de San Bernardo (Metro de Madrid),Q2055810,https://www.metromadrid.es/es/linea/linea-4#estacion-212,,,station,"4",,Metro de Madrid,Q191987,Metro de Madrid,San Bernardo,
n5302296743,"5302296743",node,station,,,,,,,,,,,,,,,,,,,,,,,,,,,,,,,,yes,subway,,yes,,,,,,,,A,,,,,yes,es:Estación de Argüelles,Q1890537,https://www.metromadrid.es/es/linea/linea-3#estacion-310,http://www.citram.es/HORARIOS/info.aspx?estacion=4_52,,station,,,Metro de Madrid,Q191987,Metro de Madrid,Argüelles,https://www.crtm.es/widgets/#/stop/4_52
n5302313738,"5302313738",node,station,,,,,,,,,,,,,,,,,,,,,,,,,,,,,,,,yes,subway,,yes,,,,,,,,A,,Madrid,,,no,es:Estación de Avenida de América,Q730768,https://www.metromadrid.es/es/linea/linea-4#estacion-411,http://www.citram.es/HORARIOS/info.aspx?estacion=4_141,,station,,,Metro de Madrid,Q191987,Metro de Madrid,Avenida de América,
n5303127327,"5303127327",node,station,,,,,,,,,,,,,,,,,,,,,#000000,,,,,,,,,,,yes,subway,,yes,,,,,,,,A,,,,,yes,es:Estación de Casa de Campo,Q568579,,,,station,,,Metro de Madrid,Q191987,Metro de Madrid,Casa de Campo,
n5303127329,"5303127329",node,station,,,,,,,,,,,,,,,,,2024-11-06,,,,#000000,,,,no,,,,,,,yes,subway,,yes,,,,,,,,A,,,,,no,es:Estación de Campamento,Q2481364,,,,station,,,Metro de Madrid,Q191987,Metro de Madrid,Campamento,
n5303127330,"5303127330",node,station,,,,,,,,,,,,,,,,,,,,,#51D532,,,,,,,,,,,yes,subway,,yes,,,,,,,,A,,,,,yes,es:Estación de Empalme,Q2057577,,,,station,,,Metro de Madrid,Q191987,Metro de Madrid,Empalme,
n5303127337,"5303127337",node,station,,,,,,,,,,,,,,,,,,,,,#51D532,,,,,,,,,,,yes,subway,,yes,,,,,,,,A,,,,,yes,es:Estación de Eugenia de Montijo,Q2058271,,,,station,,,Metro de Madrid,Q191987,Metro de Madrid,Eugenia de Montijo,
n5303127338,"5303127338",node,station,,,,,,,,,,,,,,,,,2022-11-06,,,,#51D532,,,,no,,,,,,,yes,subway,,yes,,,,,,,,A,,,,,no,es:Estación de Carabanchel,Q2056760,,,,station,,,Metro de Madrid,Q191987,Metro de Madrid,Carabanchel,
n5303127339,"5303127339",node,station,,,,,,,,,,,,,,,,,,,,,#51D532,,,,no,,,,,,,yes,subway,,yes,,,,,,,,A,,,,,no,es:Estación de Vista Alegre,Q616210,,,,station,,,Metro de Madrid,Q191987,Metro de Madrid,Vista Alegre,
n5303127340,"5303127340",node,station,,,,,,,,,,,,,,,,,,,,,,,,,no,,,,,,,yes,subway,,yes,,,,,,,,A,,,,,no,es:Estación de Oporto,Q2057416,https://www.metromadrid.es/es/linea/linea-6-circular#estacion-523,http://www.citram.es/HORARIOS/info.aspx?estacion=4_106,,station,,,Metro de Madrid,Q191987,Metro de Madrid,Oporto,
n5303127342,"5303127342",node,station,,,,,,,,,,,,,,,,,2022-03-21,,,,#51D532,,,,no,,,,,,,yes,subway,,yes,,,,,,,,A,,,,,no,es:Estación de Urgel,Q2696501,,,,station,,,Metro de Madrid,Q191987,Metro de Madrid,Urgel,
n5303127343,"5303127343",node,station,,,,,,,,,,,,,,,,,,,,,#51D532,,,,no,,,,,Calle del General Ricardos,,yes,subway,,yes,,,,,,,,A,,Madrid,,,no,es:Estación de Marqués de Vadillo,Q2056948,,,,station,,,Metro de Madrid,Q191987,Metro de Madrid,Marqués de Vadillo,
n5303127344,"5303127344",node,station,,,,,,,,,,,,,,,,underground,,,,,,,,,,,,,,,,yes,subway,,,,,,,,,,A,,,,,yes,es:Estación de Pirámides,Q2056493,,http://www.citram.es/HORARIOS/info.aspx?estacion=4_93,,station,,,Metro de Madrid,Q191987,Metro de Madrid,Pirámides,
n5303127346,"5303127346",node,station,,,,,,,,,,,,,,,,,,,,,#000000,,,,no,,,,,,,yes,subway,,yes,,,,,,,,A,,,,,no,es:Estación de Acacias / Embajadores,Q2305840,,,,station,,,Metro de Madrid,Q191987,Metro de Madrid,Acacias,
n5303127347,"5303127347",node,station,,,,,,,,,,,,,,,,,,,,,#51D532,,,,no,,,,,,,yes,subway,,yes,,,,,,,,A,,,,,no,es:Estación de Puerta de Toledo,Q2056515,,,,station,,,Metro de Madrid,Q191987,Metro de Madrid,Puerta de Toledo,
n5303127348,"5303127348",node,station,,,,,,,,,,,,,,,,,,,,,#51D532,,,,no,,"La Latina Metro; La Latina Metro Station",,,Plaza de la Cebada,,yes,subway,,yes,,,,,,,,A,,Madrid,,,no,es:Estación de La Latina,Q1115250,,,,station,,,Metro de Madrid,Q191987,Metro de Madrid,La Latina,
n5303127351,"5303127351",node,station,,,,,,,,,,,,,,,,,,,,,,,,,,Lifts between all levels and street. Line 2 & R have trains as shown with marked wheelchair spaces at each end.,,,,Plaza de Isabel II,,yes,subway,,yes,,,,,,,,A,,Madrid,,,yes,es:Estación de Ópera,Q2736048,https://www.metromadrid.es/es/linea/linea-2#estacion-209,http://www.citram.es/HORARIOS/info.aspx?estacion=4_36,,station,,,Metro de Madrid,Q191987,Metro de Madrid,Ópera,
n5303127352,"5303127352",node,station,,,,,,,,,,,,,,,,,,,,,,,,,,,,,,,,yes,subway,"-2",yes,,,,,,,,A,,,,,yes,es:Estación de Callao,Q2055072,https://www.metromadrid.es/es/linea/linea-3#estacion-307,http://www.citram.es/HORARIOS/info.aspx?estacion=4_49,,station,,,Metro de Madrid,Q191987,Metro de Madrid,Callao,https://www.crtm.es/widgets/#/stop/4_49
n5303127354,"5303127354",node,station,,,,,,,,,,,,,,,,,2023-09-07,common knowledge,,,#51D532,,,,no,,,,,,,yes,subway,,yes,,,,,,,,A,,,,,no,es:Estación de Chueca,Q3676061,,,,station,,,Metro de Madrid,Q191987,Metro de Madrid,Chueca,
n5303127356,"5303127356",node,station,,,,,,,,,,,,,,,,,,,,,#51D532,,,,no,,,,,,,yes,subway,,yes,,,,,,,,A,,,,,no,es:Estación de Rubén Darío,Q2056886,,,,station,,,Metro de Madrid,Q191987,Metro de Madrid,Rubén Darío,
n5303127357,"5303127357",node,station,,,,,,,,,,,,,,,,,2022-07-23,,,,#000000,,,,no,,,,,,,yes,subway,,yes,,,,,,,,A,,,,,no,es:Estación de Núñez de Balboa,Q782924,,,,station,,,Metro de Madrid,Q191987,Metro de Madrid,Núñez de Balboa,
n5303127359,"5303127359",node,station,,,,,,,,,,,,,,,,,,,,,,,,,no,,,,,,,yes,subway,,yes,,,,,,,,A,,,,,no,es:Estación de Ventas,Q2014690,https://www.metromadrid.es/es/linea/linea-2#estacion-201,,,station,,,Metro de Madrid,Q191987,Metro de Madrid,Ventas,
n5303127361,"5303127361",node,station,,,,,,,,,,,,,,,,,,,,,#51D532,,,,no,,,,,,,yes,subway,,yes,,,,,,,,A,,,,,no,es:Estación de El Carmen,Q2480869,,,,station,,,Metro de Madrid,Q191987,Metro de Madrid,El Carmen,
n5303127362,"5303127362",node,station,,,,,,,,,,,,,,,,,,,,,#51D532,,,,no,,,,,,,yes,subway,,yes,,,,,,,,A,,,,,no,es:Estación de Quintana,Q2480845,,,,station,,,Metro de Madrid,Q191987,Metro de Madrid,Quintana,
n5303127363,"5303127363",node,station,,,,,,,,,,,,,,,,,,,,,,,,,,,,,,,,yes,subway,,yes,,,,,,,,A,,,,,yes,es:Estación de Pueblo Nuevo,Q384453,https://www.metromadrid.es/es/linea/linea-7#estacion-505,http://www.citram.es/HORARIOS/info.aspx?estacion=4_137,yes,station,,,Metro de Madrid,Q191987,Metro de Madrid,Pueblo Nuevo,
n5303127365,"5303127365",node,station,,,,,,,,,,,,,,,,,,,,,#000000,,,,no,,,,,,,yes,subway,,yes,,,,,,,,A,,,,,no,es:Estación de Ciudad Lineal,Q2054883,,,,station,,,Metro de Madrid,Q191987,Metro de Madrid,Ciudad Lineal,
n5303127366,"5303127366",node,station,,,,,,,,,,,,,,,,,2024-11-06,,,,#51D532,,,,no,,,,,,,yes,subway,,yes,,,,,,,,A,,,,,no,es:Estación de Suanzes,Q2481009,,,,station,,,Metro de Madrid,Q191987,Metro de Madrid,Suanzes,
n5303127367,"5303127367",node,station,,,,,,,,,,,,,,,,,,,,,#51D532,,,,no,,,,,,,yes,subway,,yes,,,,,,,,A,,,,,no,es:Estación de Torre Arias,Q2056497,,,,station,,,Metro de Madrid,Q191987,Metro de Madrid,Torre Arias,
n5303127368,"5303127368",node,station,,,,,,,,,,,,,,,,,,,,,#000000,,,,no,,,,,,,yes,subway,,yes,,,,,,,,A,,,,,no,es:Estación de Canillejas,Q930999,,,,station,,,Metro de Madrid,Q191987,Metro de Madrid,Canillejas,
n5303127371,"5303127371",node,station,,,,,,,,,,,,,,,,,,,,,#51D532,,,,,,,,,,,yes,subway,,yes,,,,,,,,A,,,,,yes,es:Estación de El Capricho,Q2056510,,,,station,,,Metro de Madrid,Q191987,Metro de Madrid,El Capricho,
n5303127372,"5303127372",node,station,,,,,,,,,,,,,,,,,,,,,#51D532,,,,,,,,,,,yes,subway,,yes,,,,,,,,A,,,,,yes,es:Estación de Alameda de Osuna,Q2403543,,,,station,,,Metro de Madrid,Q191987,Metro de Madrid,Alameda de Osuna,
n5303173537,"5303173537",node,station,,,,,,,,,,,,,,,,,,,,,,,,,,,,,,,,yes,subway,,yes,,,,,,,,A,,,,,yes,es:Estación de Moncloa,Q2449141,https://www.metromadrid.es/es/linea/linea-3#estacion-311,http://www.citram.es/HORARIOS/info.aspx?estacion=4_125,,station,,,Metro de Madrid,Q191987,Metro de Madrid,Moncloa,https://www.crtm.es/widgets/#/stop/4_125
n5303173540,"5303173540",node,station,,,,,,,,,,,,,,,,,,,,,,,,,,,,,,,,yes,subway,"-2",yes,,,,,,,,A,,,,,yes,es:Estación de Ventura Rodríguez,Q2378663,https://www.metromadrid.es/es/linea/linea-3#estacion-309,http://www.citram.es/HORARIOS/info.aspx?estacion=4_51,,station,,,Metro de Madrid,Q191987,Metro de Madrid,Ventura Rodríguez,https://www.crtm.es/widgets/#/stop/4_51
n5303173541,"5303173541",node,station,,,,,,,,,,,,,,,,,,common knowledge,,,,,,,,,"Plaza de España Station;Plaza de España Metro Station",,,,,yes,subway,"-2",yes,,,,,,,,A,,,,,no,es:Estación de Plaza de España/Noviciado,Q2219895,https://www.metromadrid.es/es/linea/linea-3#estacion-308,http://www.citram.es/HORARIOS/info.aspx?estacion=4_50,,station,,,Metro de Madrid,Q191987,Metro de Madrid,Plaza de España,https://www.crtm.es/widgets/#/stop/4_50
n5303173543,"5303173543",node,station,,,,,,,,,,,,,,,,,,,,,#FDF235,,,,,,Lavapiés Metro,,,,,yes,subway,,,,,,,,,,A,,,,,yes,es:Estación de Lavapiés,Q388743,https://www.metromadrid.es/es/linea/linea-3#estacion-305,,,station,,,Metro de Madrid,Q191987,Metro de Madrid,Lavapiés,https://www.crtm.es/widgets/#/stop/4_47
n5303173544,"5303173544",node,station,,,,,,,,,,,,,,,,,,,,,,,,,,,,,,,,yes,subway,,,,,,,,,,A,,,,,yes,,,https://www.metromadrid.es/es/linea/linea-3#estacion-304,http://www.citram.es/HORARIOS/info.aspx?estacion=4_46,,station,,,Metro de Madrid,Q191987,Metro de Madrid,Embajadores,https://www.crtm.es/widgets/#/stop/4_46
n5303173545,"5303173545",node,station,,,,,,,,,,,,,,,,,,,,,#FDF235,,,,,,,,,,,yes,subway,,,,,,,,,,A,,,,,,es:Estación de Palos de la Frontera,Q2481204,,,,station,,,Metro de Madrid,Q191987,Metro de Madrid,Palos de la Frontera,
n5303173546,"5303173546",node,station,,,,,,,,,,,,,,,,,,,,,#FDF235,,,,,,,,,,,yes,subway,,,,,,,,,,A,,,,,no,es:Estación de Delicias (Metro de Madrid),Q3306947,,,,station,,,Metro de Madrid,Q191987,Metro de Madrid,Delicias,
n5303173547,"5303173547",node,station,,,,,,,,,,,,,,,,,,,,,,,,,,,,,,,,yes,subway,,yes,,,,,,,,A,,,,,yes,es:Estación de Legazpi,Q2056839,https://www.metromadrid.es/es/linea/linea-3#estacion-301,http://www.citram.es/HORARIOS/info.aspx?estacion=4_110,,station,,,Metro de Madrid,Q191987,Metro de Madrid,Legazpi,
n5303173549,"5303173549",node,station,,,,,,,,,,,,,,,,,,,,,,,,,,,,,,,,yes,subway,,,,,,,,,,A,,,,,yes,es:Estación de Almendrales,Q543261,https://www.metromadrid.es/es/linea/linea-3#estacion-351,,,station,,,Metro de Madrid,Q191987,Metro de Madrid,Almendrales,
n5303173550,"5303173550",node,station,,,,,,,,,,,,,,,,,,,,,,,,,,,,,,,,yes,subway,,,,,,,,,,A,,,,,yes,es:Estación de Hospital 12 de Octubre,Q929500,https://www.metromadrid.es/es/linea/linea-3#estacion-352,,,station,,,Metro de Madrid,Q191987,Metro de Madrid,Hospital 12 de Octubre,
n5303173551,"5303173551",node,station,,,,,,,,,,,,,,,,,,,,,,,,,,,,,,,,yes,subway,,,,,,,,,,A,,,,,yes,es:Estación de San Fermín-Orcasur,Q2057787,https://www.metromadrid.es/es/linea/linea-3#estacion-353,,,station,,,Metro de Madrid,Q191987,Metro de Madrid,San Fermín-Orcasur,
n5303173552,"5303173552",node,station,,,,,,,,,,,,,,,,,,,,,,,,,,,,,,,,yes,subway,,,,,,,,,,A,,,,,yes,es:Estación de Ciudad de los Ángeles,Q2042482,https://www.metromadrid.es/es/linea/linea-3#estacion-354,,,station,,,Metro de Madrid,Q191987,Metro de Madrid,Ciudad de los Ángeles,
n5303173553,"5303173553",node,station,,,,,,,,,,,,,,,,,,,,,,,,,,,,,,,,yes,subway,,,,,,,,,,A,,,,,yes,es:Estación de Villaverde Bajo-Cruce,Q2056616,https://www.metromadrid.es/es/linea/linea-3#estacion-355,,,station,,,Metro de Madrid,Q191987,Metro de Madrid,Villaverde Bajo - Cruce,
n5303173554,"5303173554",node,station,,,,,,,,,,,,,,,,,,,,,,,,,,,,,,,,yes,subway,,,,,,,,,,A,,,,,,es:Estación de San Cristóbal,Q2056478,https://www.metromadrid.es/es/linea/linea-3#estacion-356,,,station,,,Metro de Madrid,Q191987,Metro de Madrid,San Cristóbal,
n5303271991,"5303271991",node,station,,,,,,,,,,,,,,,,,,,,,,,,,yes,,,,,,,yes,subway,,yes,,,,,,,,A,,Madrid,,,yes,es:Estación de Cuatro Caminos,Q2420839,https://www.metromadrid.es/es/linea/linea-1#estacion-106,http://www.citram.es/HORARIOS/info.aspx?estacion=4_6,,station,,,Metro de Madrid,Q191987,Metro de Madrid,Cuatro Caminos,https://www.crtm.es/widgets/#/stop/4_6
n5303271993,"5303271993",node,station,,,,,,,,,,,,,,,,,,,,,,,,,,,,,,,,yes,subway,,yes,,,,,,,,A,,,,,yes,es:Estación de Canal,Q2479455,https://www.metromadrid.es/es/linea/linea-2#estacion-214,http://www.citram.es/HORARIOS/info.aspx?estacion=4_144,,station,,,Metro de Madrid,Q191987,Metro de Madrid,Canal,
n5303271995,"5303271995",node,station,,,,,,,,,,,,,,,,,,,,,,,,,,,,,,,,yes,subway,,,,,,,,,,A,,,,,no,es:Estación de Quevedo,Q747162,https://www.metromadrid.es/es/linea/linea-2#estacion-213,,,station,,,Metro de Madrid,Q191987,Metro de Madrid,Quevedo,
n5303271996,"5303271996",node,station,,,,,,,,,,,,,,,,,,,,,,,,,,,,,,,,yes,subway,,,,,,,,,,A,,,,,no,es:Estación de Plaza de España/Noviciado,Q2219895,https://www.metromadrid.es/es/linea/linea-2#estacion-211,,,station,,,Metro de Madrid,Q191987,Metro de Madrid,Noviciado,
n5303271997,"5303271997",node,station,,,,,,,,,,,,,,,,,,,,,,,,,,,,,,,,yes,subway,,,,,,,,,,A,,,,,no,es:Estación de Santo Domingo,Q2125964,https://www.metromadrid.es/es/linea/linea-2#estacion-210,,,station,,,Metro de Madrid,Q191987,Metro de Madrid,Santo Domingo,
n5303271998,"5303271998",node,station,,,,,,,,,,,,,,,,,,common knowledge,,,,,,,,,,,,,,yes,subway,,yes,,,,,,,,A,,,,,yes,es:Estación de Sevilla (Metro de Madrid),Q2056503,https://www.metromadrid.es/es/linea/linea-2#estacion-207,,,station,,,Metro de Madrid,Q191987,Metro de Madrid,Sevilla,
n5303271999,"5303271999",node,station,,,,,,,,,,,,,,,,,,common knowledge,,,,,,,,Steps only to platforms.,,,,,,yes,subway,,yes,,,,,,,,A,,,,,no,es:Estación de Banco de España,Q2481227,https://www.metromadrid.es/es/linea/linea-2#estacion-206,,,station,,,Metro de Madrid,Q191987,Metro de Madrid,Banco de España,
n5303272000,"5303272000",node,station,,,,,,,,,,,,,,,,,,common knowledge,,,,,,,,,,,,,,yes,subway,,yes,,,,,,,,A,,,,,no,es:Estación de Retiro,Q2056874,https://www.metromadrid.es/es/linea/linea-2#estacion-205,,,station,,,Metro de Madrid,Q191987,Metro de Madrid,Retiro,
n5303272001,"5303272001",node,station,,,,,,,,,,,,,,,,,,,,,,,,,,,,,,,,yes,subway,,yes,,,,,,,,A,,,,,yes,es:Estación de Príncipe de Vergara,Q582040,https://www.metromadrid.es/es/linea/linea-2#estacion-204,,,station,,,Metro de Madrid,Q191987,Metro de Madrid,Príncipe de Vergara,
n5303272003,"5303272003",node,station,,,,,,,,,,,,,,,,,,,,,,,,,no,,,,,,,yes,subway,,yes,,,,,,,,A,,,,,no,es:Estación de Manuel Becerra,Q2056869,https://www.metromadrid.es/es/linea/linea-2#estacion-202,http://www.citram.es/HORARIOS/info.aspx?estacion=4_29,,station,,,Metro de Madrid,Q191987,Metro de Madrid,Manuel Becerra,
n5303272005,"5303272005",node,station,,,,,,,,,,,,,,,,,,,,,,,,,,,,,,,,yes,subway,,yes,,,,,,,,A,,,,,yes,es:Estación de La Almudena,Q3820626,https://www.metromadrid.es/es/linea/linea-2#estacion-252,,,station,,,Metro de Madrid,Q191987,Metro de Madrid,La Almudena,
n5303272006,"5303272006",node,station,,,,,,,,,,,,,,,,,,,,,,,,,,,,,,,,yes,subway,,yes,,,,,,,,A,,,,,yes,es:Estación de Alsacia,Q3613056,https://www.metromadrid.es/es/linea/linea-2#estacion-253,,,station,,,Metro de Madrid,Q191987,Metro de Madrid,Alsacia,
n5303272007,"5303272007",node,station,,,,,,,,,,,,,,,,,,,,,,,,,,,,,,,,yes,subway,,yes,,,,,,,,A,,,,,yes,es:Estación de Avenida de Guadalajara,Q955065,https://www.metromadrid.es/es/linea/linea-2#estacion-254,,,station,,,Metro de Madrid,Q191987,Metro de Madrid,Avenida de Guadalajara,
n5303272059,"5303272059",node,station,,,,,,,,,,,,,,,,,,,,,,,,,,,,,,,,yes,subway,,yes,,,,,,,,A,,,,,yes,es:Estación de La Elipa,Q1766021,https://www.metromadrid.es/es/linea/linea-2#estacion-251,,,station,,,Metro de Madrid,Q191987,Metro de Madrid,La Elipa,
n5304690726,"5304690726",node,station,,,,,,,,,,,,,,,yes,,,,,,#F89B11,,,,,,,,,,,yes,subway,,yes,,,,,,,,A,,,,,yes,es:Estación de Estadio Metropolitano,Q2244081,https://www.metromadrid.es/es/linea/linea-7#estacion-751,http://www.citram.es/HORARIOS/info.aspx?estacion=4_286,,station,,,Metro de Madrid,Q191987,Metro de Madrid,Estadio Metropolitano,
n5304690727,"5304690727",node,station,,,,,,,,,,,,,,,,,,,,,,,,,no,,,,,,,yes,subway,,yes,,,,,,,,A,,,,,no,es:Estación de Las Musas,Q2482052,https://www.metromadrid.es/es/linea/linea-7#estacion-701,http://www.citram.es/HORARIOS/info.aspx?estacion=4_132,,station,,,Metro de Madrid,Q191987,Metro de Madrid,Las Musas,
n5304690728,"5304690728",node,station,,,,,,,,,,,,,,,,,,,,,,,,,no,,,,,,,yes,subway,,yes,,,,,,,,A,,,,,no,es:Estación de San Blas,Q2482075,https://www.metromadrid.es/es/linea/linea-7#estacion-702,http://www.citram.es/HORARIOS/info.aspx?estacion=4_133,,station,,,Metro de Madrid,Q191987,Metro de Madrid,San Blas,
n5304690729,"5304690729",node,station,,,,,,,,,,,,,,,,,,,,,,,,,no,,,,,,,yes,subway,,yes,,,,,,,,A,,,,,no,es:Estación de Simancas,Q2481349,https://www.metromadrid.es/es/linea/linea-7#estacion-703,http://www.citram.es/HORARIOS/info.aspx?estacion=4_134,,station,,,Metro de Madrid,Q191987,Metro de Madrid,Simancas,
n5304690730,"5304690730",node,station,,,,,,,,,,,,,,,,,,,,,,,,,no,,,,,,,yes,subway,,yes,,,,,,,,A,,,,,no,es:Estación de García Noblejas,Q2480917,https://www.metromadrid.es/es/linea/linea-7#estacion-704,http://www.citram.es/HORARIOS/info.aspx?estacion=4_135,,station,,,Metro de Madrid,Q191987,Metro de Madrid,García Noblejas,
n5304690731,"5304690731",node,station,,,,,,,,,,,,,,,,,,,,,,,,,no,,,,,,,yes,subway,,yes,,,,,,,,A,,,,,no,es:Estación de Ascao,Q2481405,https://www.metromadrid.es/es/linea/linea-7#estacion-705,http://www.citram.es/HORARIOS/info.aspx?estacion=4_136,,station,,,Metro de Madrid,Q191987,Metro de Madrid,Ascao,
n5304690732,"5304690732",node,station,,,,,,,,,,,,,,,,,,,,,,,,,no,,,,,,,yes,subway,,yes,,,,,,,,A,,,,,no,es:Estación de Barrio de la Concepción,Q2696985,https://www.metromadrid.es/es/linea/linea-7#estacion-707,http://www.citram.es/HORARIOS/info.aspx?estacion=4_138,,station,,,Metro de Madrid,Q191987,Metro de Madrid,Barrio de la Concepción,
n5304690733,"5304690733",node,station,,,,,,,,,,,,,,,,,,,,,,,,,no,,,,,,,yes,subway,,yes,,,,,,,,A,,,,,no,es:Estación de Parque de las Avenidas,Q2480862,https://www.metromadrid.es/es/linea/linea-7#estacion-708,http://www.citram.es/HORARIOS/info.aspx?estacion=4_139,,station,,,Metro de Madrid,Q191987,Metro de Madrid,Parque de las Avenidas,
n5304690734,"5304690734",node,station,,,,,,,,,,,,,,,,,,,,,,,,,no,,,,,,,yes,subway,,yes,,,,,,,,A,,,,,no,es:Estación de Cartagena,Q3096144,https://www.metromadrid.es/es/linea/linea-7#estacion-709,http://www.citram.es/HORARIOS/info.aspx?estacion=4_140,,station,,,Metro de Madrid,Q191987,Metro de Madrid,Cartagena,
n5304690736,"5304690736",node,station,,,,,,,,,,,,yes,defibrillator,Bajando las escaleras mecánicas en la primera planta.,,,,,,,,,,,,,,,,,,yes,subway,,yes,,,,,,,,A,,,,,yes,es:Estación de Gregorio Marañón,Q2056442,https://www.metromadrid.es/es/linea/linea-7#estacion-711,http://www.citram.es/HORARIOS/info.aspx?estacion=4_142,,station,,,Metro de Madrid,Q191987,Metro de Madrid,Gregorio Marañón,
n5304690738,"5304690738",node,station,,,,,,,,,,,,,,,,,,,,,,,,,,,,,,,,yes,subway,,yes,,,,,,,,A,,,,,yes,es:Estación de Alonso Cano,Q2481218,https://www.metromadrid.es/es/linea/linea-7#estacion-712,http://www.citram.es/HORARIOS/info.aspx?estacion=4_143,,station,,,Metro de Madrid,Q191987,Metro de Madrid,Alonso Cano,
n5304690739,"5304690739",node,station,,,,,,,,,,,https://www.crtm.es/widgets/#/stop/4_145,,,,,,,,,,#F89B11,,,,,,,,,,,yes,subway,,yes,,,,,,,,A,,,,,yes,es:Estación de Islas Filipinas,Q966680,https://www.metromadrid.es/es/linea/linea-7#estacion-714,http://www.citram.es/HORARIOS/info.aspx?estacion=4_145,,station,,,Metro de Madrid,Q191987,Metro de Madrid,Islas Filipinas,https://www.crtm.es/widgets/#/stop/4_145
n5304690740,"5304690740",node,station,,,,,,,,,,,,,,,,,,,,,,,,,,,,,,,,yes,subway,,yes,,,,,,,,A,,,,,yes,es:Estación de Guzmán el Bueno,Q2482402,https://www.metromadrid.es/es/linea/linea-6-circular#estacion-620,http://www.citram.es/HORARIOS/info.aspx?estacion=4_146,,station,,,Metro de Madrid,Q191987,Metro de Madrid,Guzmán el Bueno,https://www.crtm.es/widgets/#/stop/4_146
n5304690742,"5304690742",node,station,,,,,,,,,,,,,,,,,,,,,,,,,,,,,,,,yes,subway,,yes,,,,,,,,A,,,,,yes,es:Estación de Francos Rodríguez,Q774677,https://www.metromadrid.es/es/linea/linea-7#estacion-716,http://www.citram.es/HORARIOS/info.aspx?estacion=4_147,,station,,,Metro de Madrid,Q191987,Metro de Madrid,Francos Rodríguez,https://www.crtm.es/widgets/#/stop/4_147
n5304690743,"5304690743",node,station,,,,,,,,,,,,,,,,,,,,,,,,,,,,,,,,yes,subway,,yes,,,,,,,,A,,,,,yes,es:Estación de Valdezarza,Q2482098,https://www.metromadrid.es/es/linea/linea-7#estacion-717,http://www.citram.es/HORARIOS/info.aspx?estacion=4_148,,station,,,Metro de Madrid,Q191987,Metro de Madrid,Valdezarza,
n5304690744,"5304690744",node,station,,,,,,,,,,,,,,,,,,,,,,,,,,,,,,,,yes,subway,,yes,,,,,,,,A,,,,,yes,es:Estación de Antonio Machado,Q2482040,https://www.metromadrid.es/es/linea/linea-7#estacion-718,http://www.citram.es/HORARIOS/info.aspx?estacion=4_149,,station,,,Metro de Madrid,Q191987,Metro de Madrid,Antonio Machado,https://www.crtm.es/widgets/#/stop/4_149
n5304690745,"5304690745",node,station,,,,,,,,,,,,,,,,,,,,,,,,,,,,,,,,yes,subway,,yes,,,,,,,,A,,,,,yes,es:Estación de Peñagrande,Q2058663,https://www.metromadrid.es/es/linea/linea-7#estacion-719,http://www.citram.es/HORARIOS/info.aspx?estacion=4_150,,station,,,Metro de Madrid,Q191987,Metro de Madrid,Peñagrande,https://www.crtm.es/widgets/#/stop/4_150
n5304690746,"5304690746",node,station,,,,,,,,,,,,,,,,,,,,,,,,,,,,,,,,yes,subway,,yes,,,,,,,no,A,,,,,yes,es:Estación de Avenida de la Ilustración,Q2482086,https://www.metromadrid.es/es/linea/linea-7#estacion-720,http://www.citram.es/HORARIOS/info.aspx?estacion=4_151,,station,,,Metro de Madrid,Q191987,Metro de Madrid,Avenida de la Ilustración,https://www.crtm.es/widgets/#/stop/4_151
n5304690747,"5304690747",node,station,,,,,,,,,,,,,,,,,,,,,,,,,,,,,,,,yes,subway,,yes,,,,,,,,A,,,,,yes,es:Estación de Lacoma,Q2482146,https://www.metromadrid.es/es/linea/linea-7#estacion-721,http://www.citram.es/HORARIOS/info.aspx?estacion=4_152,yes,station,,,Metro de Madrid,Q191987,Metro de Madrid,Lacoma,https://www.crtm.es/widgets/#/stop/4_152
n5304749212,"5304749212",node,station,,,,,,,,,,,,,,,,,,,,,,,,,,,"Principe Pio metro;Principe Pio metro station",,,,,yes,subway,,yes,,,,,,,,A,,,,,yes,es:Estación de Príncipe Pío,Q2527066,https://www.metromadrid.es/es/linea/linea-6-circular#estacion-625,http://www.citram.es/HORARIOS/info.aspx?estacion=4_198,,station,,,Metro de Madrid,Q191987,Metro de Madrid,Príncipe Pío,https://www.crtm.es/widgets/#/stop/4_198
n5305025415,"5305025415",node,station,,,,,,,,,,,,,,,,,,,,,,,,,,,,,,,,yes,subway,,,,,,,,,,A,,,,,yes,,,https://www.metromadrid.es/es/linea/linea-3#estacion-357,,,station,,,Metro de Madrid,Q191987,Metro de Madrid,Villaverde Alto,
n5305486974,"5305486974",node,station,,,,,,,,,,,,,,,,,,,,,,,,,,,,,,,,yes,subway,,yes,,,,,,,,A,,,,,yes,,,https://www.metromadrid.es/es/linea/linea-6-circular#estacion-601,http://www.citram.es/HORARIOS/info.aspx?estacion=4_104,,station,,,Metro de Madrid,Q191987,Metro de Madrid,Laguna,
n5305486975,"5305486975",node,station,,,,,,,,,,,,,,,,,,,,,,,,,,,,,,,,yes,subway,,yes,,,,,,,,A,,,,,yes,es:Estación de Lucero,Q957660,https://www.metromadrid.es/es/linea/linea-6-circular#estacion-628,http://www.citram.es/HORARIOS/info.aspx?estacion=4_130,,station,,,Metro de Madrid,Q191987,Metro de Madrid,Lucero,
n5305486976,"5305486976",node,station,,,,,,,,,,,,,,,,,,,,,,,,,no,,,,,,,yes,subway,,yes,,,,,,,,A,,,,,no,es:Estación de Alto de Extremadura,Q2482103,https://www.metromadrid.es/es/linea/linea-6-circular#estacion-627,http://www.citram.es/HORARIOS/info.aspx?estacion=4_129,,station,,,Metro de Madrid,Q191987,Metro de Madrid,Alto de Extremadura,
n5305486977,"5305486977",node,station,,,,,,,,,,,,,,,,,,,,,,,,,no,,,,,,,yes,subway,,yes,,,,,,,,A,,,,,no,es:Estación de Puerta del Ángel,Q2482152,https://www.metromadrid.es/es/linea/linea-6-circular#estacion-626,http://www.citram.es/HORARIOS/info.aspx?estacion=4_128,,station,,,Metro de Madrid,Q191987,Metro de Madrid,Puerta del Ángel,
n5305486979,"5305486979",node,station,,,,,,,,,,,,,,,,,,,,,,,,,,,,,,,,yes,subway,,yes,,,,,,,,A,,,,,yes,es:Estación de Ciudad Universitaria,Q2482378,https://www.metromadrid.es/es/linea/linea-6-circular#estacion-622,http://www.citram.es/HORARIOS/info.aspx?estacion=4_124,,station,,,Metro de Madrid,Q191987,Metro de Madrid,Ciudad Universitaria,https://www.crtm.es/widgets/#/stop/4_124
n5305486980,"5305486980",node,station,,,,,,,,,,,,,,,,,,,,,,,,,no,,,,,,,yes,subway,,yes,,,,,,,,A,,,,,no,es:Estación de Vicente Aleixandre,Q2482382,https://www.metromadrid.es/es/linea/linea-6-circular#estacion-621,http://www.citram.es/HORARIOS/info.aspx?estacion=4_123,,station,,,Metro de Madrid,Q191987,Metro de Madrid,Vicente Aleixandre,https://www.crtm.es/widgets/#/stop/4_123
n5305486981,"5305486981",node,station,,,,,,,,,,,,,,,,,,,,,#999999,,,,no,,,,,,,yes,subway,,yes,,,,,,,,A,,,,,no,es:Estación de República Argentina,Q2479342,,http://www.citram.es/HORARIOS/info.aspx?estacion=4_119,,station,,,Metro de Madrid,Q191987,Metro de Madrid,República Argentina,
n5305486982,"5305486982",node,station,,,,,,,,,,,,,,,,,,,,,,,,,no,,,,,,,yes,subway,,yes,,,,,,,,A,,,,,no,es:Estación de O'Donnell,Q2479913,https://www.metromadrid.es/es/linea/linea-6-circular#estacion-613,http://www.citram.es/HORARIOS/info.aspx?estacion=4_115,,station,,,Metro de Madrid,Q191987,Metro de Madrid,O'Donnell,
n5305486983,"5305486983",node,station,,,,,,,,,,,,,,,,,,,,,,,,,,,,,,,,yes,subway,,yes,,,,,,,,A,,,,,yes,es:Estación de Sainz de Baranda,Q2004752,https://www.metromadrid.es/es/linea/linea-6-circular#estacion-612,http://www.citram.es/HORARIOS/info.aspx?estacion=4_114,,station,,,Metro de Madrid,Q191987,Metro de Madrid,Sainz de Baranda,
n5305486986,"5305486986",node,station,,,,,,,,,,,,,,,,,,,,,,,,,no,,,,,,Méndez Álvaro,yes,subway,,yes,,,,,,,,A,,Madrid,,,no,,,https://www.metromadrid.es/es/linea/linea-6-circular#estacion-609,http://www.citram.es/HORARIOS/info.aspx?estacion=4_111,,station,,,Metro de Madrid,Q191987,Metro de Madrid,Méndez Álvaro,
n5305486987,"5305486987",node,station,,,,,,,,,,,,,,,,,,,,,,,,,,,,,yes,Calle del Bronce,,yes,subway,,yes,,,,,,,,A,"28045",Madrid,,,yes,es:Estación de Arganzuela-Planetario,Q2056461,https://www.metromadrid.es/es/linea/linea-6-circular#estacion-608,http://www.citram.es/HORARIOS/info.aspx?estacion=4_259,,station,,,Metro de Madrid,Q191987,Metro de Madrid,Arganzuela-Planetario,
n5305486988,"5305486988",node,station,,,,,,,,,,,,,,,,,,,,,,,,,,,,,,,,yes,subway,,yes,,,,,,,,A,,Madrid,,,yes,es:Estación de Usera,Q643209,https://www.metromadrid.es/es/linea/linea-6-circular#estacion-606,http://www.citram.es/HORARIOS/info.aspx?estacion=4_109,,station,,,Metro de Madrid,Q191987,Metro de Madrid,Usera,
n5305486989,"5305486989",node,station,,,,,,,,,,,,,,,,,,,,,,,,,no,,,,,,Plaza Elíptica,yes,subway,,yes,,,,,,,,A,,,,,no,es:Estación de Plaza Elíptica,Q782113,https://www.metromadrid.es/es/linea/linea-6-circular#estacion-605,http://www.citram.es/HORARIOS/info.aspx?estacion=4_108,,station,,,Metro de Madrid,Q191987,Metro de Madrid,Plaza Elíptica,
n5305486991,"5305486991",node,station,,,,,,,,,,,,,,,,,,,,,,,,,no,,,,,,,yes,subway,,yes,,,,,,,,A,,,,,no,es:Estación de Opañel,Q2482116,https://www.metromadrid.es/es/linea/linea-6-circular#estacion-604,http://www.citram.es/HORARIOS/info.aspx?estacion=4_107,,station,,,Metro de Madrid,Q191987,Metro de Madrid,Opañel,
n5305486992,"5305486992",node,station,,,,,,,,,,,,,,,,,,,,,,,,,,,,,,,,yes,subway,,yes,,,,,,,,A,,,,,yes,es:Estación de Carpetana,Q2482395,https://www.metromadrid.es/es/linea/linea-6-circular#estacion-602,http://www.citram.es/HORARIOS/info.aspx?estacion=4_105,,station,,,Metro de Madrid,Q191987,Metro de Madrid,Carpetana,
n5305513281,"5305513281",node,station,,,,,,,,,,,,,,,,,,,,,,,,,,,,,,,,yes,subway,,yes,,,,,,,,A,,,,,yes,es:Estación de Abrantes,Q2484433,https://www.metromadrid.es/es/linea/linea-11#estacion-1102,,,station,,,Metro de Madrid,Q191987,Metro de Madrid,Abrantes,
n5305513282,"5305513282",node,station,,,,,,,,,,,,,,,,,,,,,,,,,,,,,,,,yes,subway,,yes,,,,,,,,A,,,,,yes,es:Estación de Pan Bendito,Q2482414,https://www.metromadrid.es/es/linea/linea-11#estacion-1103,,,station,,,Metro de Madrid,Q191987,Metro de Madrid,Pan Bendito,
n5305513283,"5305513283",node,station,,,,,,,,,,,,,,,,,,,,,,,,,,,,,,,,yes,subway,,yes,,,,,,,,A,,,,,yes,es:Estación de San Francisco,Q2061686,https://www.metromadrid.es/es/linea/linea-11#estacion-1104,,,station,,,Metro de Madrid,Q191987,Metro de Madrid,San Francisco,
n5305513284,"5305513284",node,station,,,,,,,,,,,,,,,,,,,,,,,,,,,,,,,,yes,subway,,yes,,,,,,,,A,,,,,yes,es:Estación de Carabanchel Alto,Q2482617,https://www.metromadrid.es/es/linea/linea-11#estacion-1105,,,station,,,Metro de Madrid,Q191987,Metro de Madrid,Carabanchel Alto,
n5305513285,"5305513285",node,station,,,,,,,,,,,,,,,,,,,,,,,,,,,,,,,,yes,subway,,yes,,,,,,,,A,,,,,yes,es:Estación de La Peseta,Q2484416,https://www.metromadrid.es/es/linea/linea-11#estacion-1106,,,station,,,Metro de Madrid,Q191987,Metro de Madrid,La Peseta,
n5306531886,"5306531886",node,station,,,,,,,,,,,,,,,,,,,,,,,,,,,,,,,,yes,subway,,,,,,,,,,,,,,,yes,es:Estación de Arroyofresno,Q8779308,https://www.metromadrid.es/es/linea/linea-7#estacion-722,http://www.citram.es/HORARIOS/info.aspx?estacion=4_153,,station,,,Metro de Madrid,Q191987,Metro de Madrid,Arroyofresno,https://www.crtm.es/widgets/#/stop/4_153
n5307455072,"5307455072",node,station,,,,,,,,,,,,,,,,,,,,,,,,,,,,,,,,yes,subway,,,,,,,,,,A,,,,,no,es:Estación de Duque de Pastrana,Q927753,https://www.metromadrid.es/es/linea/linea-9#estacion-905,,,station,,,Metro de Madrid,Q191987,Metro de Madrid,Duque de Pastrana,
n5307455075,"5307455075",node,station,,,,,,,,,,,,,,,,,,,,,#9F1F99,,,,,,,,,,,yes,subway,,,,,,,,,,A,,,,,,es:Estación de Ventilla,Q3192875,https://www.metromadrid.es/es/linea/linea-9#estacion-903,,,station,,,Metro de Madrid,Q191987,Metro de Madrid,Ventilla,https://www.crtm.es/widgets/#/stop/4_163
n5307455076,"5307455076",node,station,,,,,,,,,,,,,,,,,,,,,#9F1F99,,,,,,,,,,,yes,subway,,,,,,,,,,A,,,,,no,es:Estación de Barrio del Pilar,Q2463533,https://www.metromadrid.es/es/linea/linea-9#estacion-902,http://www.citram.es/HORARIOS/info.aspx?estacion=4_162,,station,,,Metro de Madrid,Q191987,Metro de Madrid,Barrio del Pilar,https://www.crtm.es/widgets/#/stop/4_162
n5307455077,"5307455077",node,station,,,,,,,,,,,,,,,,,,,,,#9F1F99,,,,,,,,,,,yes,subway,,,,,,,,,,A,,,,,no,es:Estación de Herrera Oria,Q2462763,https://www.metromadrid.es/es/linea/linea-9#estacion-901,,,station,,,Metro de Madrid,Q191987,Metro de Madrid,Herrera Oria,https://www.crtm.es/widgets/#/stop/4_161
n5307455078,"5307455078",node,station,,,,,,,,,,,,,,,,,,,,,#9F1F99,,,,,,,,,,,yes,subway,,yes,,,,,,,,A,,,,,yes,es:Estación de Mirasierra,Q3858791,,,yes,station,,,Metro de Madrid,Q191987,Metro de Madrid,Mirasierra,
n5307477090,"5307477090",node,station,,,,,,,,,,,,,,,,,,,,,#9F1F99,,,,,,,,,,,yes,subway,,,,,,,,,,A,,,,,yes,es:Estación de Pavones,Q2479437,,,,station,,,Metro de Madrid,Q191987,Metro de Madrid,Pavones,
n5307477091,"5307477091",node,station,,,,,,,,,,,,,,,,,,,,,#9F1F99,,,,,,,,,,,yes,subway,,,,,,,,,,A,,,,,no,es:Estación de Artilleros,Q649362,,,,station,,,Metro de Madrid,Q191987,Metro de Madrid,Artilleros,
n5307477092,"5307477092",node,station,,,,,,,,,,,,,,,,,,,,,#9F1F99,,,,,,,,,,,yes,subway,,,,,,,,,,A,,,,,,es:Estación de Vinateros,Q2479812,,,,station,,,Metro de Madrid,Q191987,Metro de Madrid,Vinateros,
n5307477093,"5307477093",node,station,,,,,,,,,,,,,,,,,,,,,#9F1F99,,,,,,,,,,,yes,subway,,,,,,,,,,A,,,,,,es:Estación de Estrella,Q2464797,,,,station,,,Metro de Madrid,Q191987,Metro de Madrid,Estrella,
n5307477094,"5307477094",node,station,,,,,,,,,,,,,,,,,,,,,,,,,,,,,,,,yes,subway,,,,,,,,,,A,,,,,no,es:Estación de Cruz del Rayo,Q2004333,https://www.metromadrid.es/es/linea/linea-9#estacion-909,,,station,,,Metro de Madrid,Q191987,Metro de Madrid,Cruz del Rayo,
n5307477095,"5307477095",node,station,,,,,,,,,,,,,,,,,,,,,#9F1F99,,,,,,Ibiza metro station,,,,,yes,subway,,,,,,,,,,A,,,,,no,es:Estación de Ibiza,Q2464739,,,,station,,,Metro de Madrid,Q191987,Metro de Madrid,Ibiza,
n5307477096,"5307477096",node,station,,,,,,,,,,,,,,,,,,,,,,,,,no,,,,,,,yes,subway,,,,,,,,,,A,,,,,no,es:Estación de Concha Espina,Q2464246,https://www.metromadrid.es/es/linea/linea-9#estacion-908,,yes,station,,,Metro de Madrid,Q191987,Metro de Madrid,Concha Espina,
n5307477097,"5307477097",node,station,,,,,,,,,,,,,,,,,,,,,,,,,,,,,,,,yes,subway,,,,,,,,,,A,,,,,,es:Estación de Pío XII,Q2635957,https://www.metromadrid.es/es/linea/linea-9#estacion-906,,,station,,,Metro de Madrid,Q191987,Metro de Madrid,Pío XII,
n5307497168,"5307497168",node,station,,,,,,,,,,,,,,,,,,,,,,,,,,,,,,,,yes,subway,,yes,,,,,,,,A,,,,,yes,es:Estación de Puerta de Arganda,Q2059170,,https://www.crtm.es/tu-transporte-publico/metro/estaciones/4_182,,station,,,Metro de Madrid,Q191987,Metro de Madrid,Puerta de Arganda,http://www.citram.es/HORARIOS/info.aspx?estacion=4_182
n5307497169,"5307497169",node,station,,,,,,,,,,,,,,,,,,,,,#9F1F99,,,,,,,,,,,yes,subway,,yes,,,,,,,,A,,,,,yes,es:Estación de San Cipriano,Q2479793,,,,station,,,Metro de Madrid,Q191987,Metro de Madrid,San Cipriano,
n5307497170,"5307497170",node,station,,,,,,,,,,,,,,,,,2023-09-15,,,,,,,,,,,,,,,yes,subway,,yes,,,,,,,,A,,,,,yes,es:Estación de Vicálvaro (Metro de Madrid),Q2479859,https://www.metromadrid.es/es/linea/linea-9#estacion-920,,,station,,,Metro de Madrid,Q191987,Metro de Madrid,Vicálvaro,
n5307497171,"5307497171",node,station,,,,,,,,,,,,,,,,,,,,,#9F1F99,,,,,,,,,,,yes,subway,,yes,,,,,,,,A,,,,,yes,es:Estación de Valdebernardo,Q2696095,,,,station,,,Metro de Madrid,Q191987,Metro de Madrid,Valdebernardo,
n5310126818,"5310126818",node,station,,,,,,,,,,,,,,,,,,,,,#015396,,,,,,,,,,,yes,subway,,yes,,,,,,,,A,,,,,yes,es:Estación de Lago,Q1902898,,,,station,,,Metro de Madrid,Q191987,Metro de Madrid,Lago,
n5310126819,"5310126819",node,station,,,,,,,,,,,,,,,,,,,,,#000000,,,,,,,,,,,yes,subway,,yes,,,,,,,,A,,,,,yes,es:Estación de Santiago Bernabéu,Q2704346,,,,station,,,Metro de Madrid,Q191987,Metro de Madrid,Santiago Bernabéu,
n5310126820,"5310126820",node,station,,,,,,,,,,,,,,,,,,,,,#000000,,,,,,,,,,,yes,subway,,yes,,,,,,,,A,,,,,,es:Estación de Cuzco,Q2482024,,,,station,,,Metro de Madrid,Q191987,Metro de Madrid,Cuzco,
n5310127221,"5310127221",node,station,,,,,,,,,,,,,,,,,,,,,#015396,,,,,,,,,,,yes,subway,,yes,,,,,,,,A,,,,,no,es:Estación de Begoña,Q2482166,,,,station,,,Metro de Madrid,Q191987,Metro de Madrid,Begoña,
n5310127222,"5310127222",node,station,,,,,,,,,,,,,,,,,,,,,#015396,,,,,,,,,,,yes,subway,,yes,,,,,,,,A,,,,,,es:Estación de Fuencarral (Metro de Madrid),Q2059161,,http://www.metromadrid.es/es/viaja_en_metro/red_de_metro/estaciones/Fuencarral.html,,station,,,Metro de Madrid,Q191987,Metro de Madrid,Fuencarral,
n5310127223,"5310127223",node,station,,,,,,,,,,,,,,,,,,,,,#015396,,,,,,,,,,,yes,subway,,yes,,,,,,,,A,,,,,yes,,,https://www.metromadrid.es/es/linea/linea-10#estacion-1051,https://www.crtm.es/tu-transporte-publico/metro/estaciones/4_274,,station,,,Metro de Madrid,Q191987,Metro de Madrid,Tres Olivos,http://www.citram.es/HORARIOS/info.aspx?estacion=4_274
n5310127224,"5310127224",node,station,,,,,,,,,,,,,,,,,,,,,#015396,,,,,,,,,,,yes,subway,,yes,,,,,,,,A,,,,,yes,es:Estación de Montecarmelo,Q2058996,,http://www.citram.es/HORARIOS/info.aspx?estacion=4_275,,station,,,Metro de Madrid,Q191987,Metro de Madrid,Montecarmelo,
n5310127225,"5310127225",node,station,,,,,,,,,,,,,,,,,,,,,#000000,,,,,,,yes,,,,yes,subway,,yes,,,,,,,,A,,,,,yes,es:Estación de Las Tablas,Q2244102,,http://www.citram.es/HORARIOS/info.aspx?estacion=4_276,,station,,,Metro de Madrid,Q191987,Metro de Madrid,Las Tablas,
n5310127226,"5310127226",node,station,,,,,,,,,,,,,,,,,,,,,#015396,,,,,,,,,,,yes,subway,,yes,,,,,,,,A,,,,,yes,es:Estación de Ronda de la Comunicación,Q3941077,,http://www.citram.es/HORARIOS/info.aspx?estacion=4_277,,station,,,Metro de Madrid,Q191987,Metro de Madrid,Ronda de la Comunicación,
n5310153777,"5310153777",node,station,,,,,,,,,,,,,,,,,,,,,,,,,,,,,,,,yes,subway,,yes,,,,,,,,A,,,,,yes,,Q2060846,,http://www.citram.es/HORARIOS/info.aspx?estacion=4_203,,station,,,Metro de Madrid,Q191987,Metro de Madrid,Cuatro Vientos,
n5310153778,"5310153778",node,station,,,,,,,,,,,,,,,,,,,,,#015396,,,,,,,,,,,yes,subway,,yes,,,,,,Category:Estación de Aviación Española,,A,,,,,yes,es:Estación de Aviación Española,Q2482246,,,,station,,,Metro de Madrid,Q191987,Metro de Madrid,Aviación Española,
n5310153779,"5310153779",node,station,,,,,,,,,,,,,,,,,,,,,#000000,,,,,,,,,,,yes,subway,,yes,,,,,,,,A,,,,,yes,es:Estación de Colonia Jardín,Q2060520,,,,station,,,Metro de Madrid,Q191987,Metro de Madrid,Colonia Jardín,
n5310153781,"5310153781",node,station,,,,,,,,,,,,,,,,,2024-03-06,,,,#015396,,,,,,,,,,,yes,subway,,yes,,,,,,,,A,,,,,yes,es:Estación de Batán,Q2059269,,,,station,,,Metro de Madrid,Q191987,Metro de Madrid,Batán,
n5310233321,"5310233321",node,station,,,,,,,,,,,,,,,,,,,,,,,,,,,,yes,,,,,light_rail,,,,,,,,,,A,,,,,,es:Estación de Palas de Rey,Q3889372,,,,station,,,Metro de Madrid,,Metro de Madrid,Palas de Rey,
n5310233342,"5310233342",node,station,,,,,,,,,,,,,,,,,,,,,,,,,,,,yes,,,,,light_rail,,,,,,,,,,A,,,"-1",,yes,es:Estación de Virgen del Cortijo,Q4013882,,,,station,,,Metro de Madrid,,Metro de Madrid,Virgen del Cortijo,
n5310233343,"5310233343",node,station,,,,,,,,,,,,,,,,,,,,,,,,,,,,yes,,,,,light_rail,,,,,,,,,,A,,,,,yes,es:Estación de Fuente de la Mora,Q16891479,,,,station,,,Metro de Madrid,,Metro de Madrid,Fuente de la Mora,
n5310248072,"5310248072",node,station,,,,,,,,,,,,,,,,,,,,,,,,,,,,yes,,,,,light_rail,,,,,,,,,,A,,,"0",,yes,es:Estación de Antonio Saura,Q3620165,,,,station,,,Metro de Madrid,,Metro de Madrid,Antonio Saura,
n5310248118,"5310248118",node,station,,,,,,,,,,,,,,,,,,,,,,,,,,,,yes,,,,,light_rail,,,,,,,,,,A,,,"0",,yes,es:Estación de Álvarez de Villaamil,Q4025159,,,,station,,,Metro de Madrid,,Metro de Madrid,Álvarez de Villaamil,
n5310248129,"5310248129",node,station,,,,,,,,,,,,,,,,,,,,,,,,,,,,yes,,,,,light_rail,,,,,,,,,,A,,,,,yes,es:Estación de Blasco Ibáñez,Q3640873,,,,station,,,Metro de Madrid,,Metro de Madrid,Blasco Ibáñez,
n5310248130,"5310248130",node,station,,,,,,,,,,,,,,,,,,,,,,,,,,,,yes,,,,,light_rail,,,,,,,,,,A,,,,,,es:Estación de María Tudor,Q3850629,,,,station,,,Metro de Madrid,,Metro de Madrid,María Tudor,
n5318415090,"5318415090",node,station,,,,,,,,,,main,,,,,,,,,,,,,,,,,,,,,,,,,,,,,,,,,A,,,,,yes,es:Estación de San Cristóbal Industrial,Q5847117,https://www.adif.es/w/60101-s.-crist%C3%B3bal-ind.,https://www.crtm.es/tu-transporte-publico/cercanias-renfe/estaciones/5_70,yes,station,,Q2476154,Renfe,Q1054785,Cercanías Madrid,San Cristóbal Industrial,https://www.citram.es/HORARIOS/info.aspx?estacion=5_70
n5318415091,"5318415091",node,station,,,,,,,,,,main,,,,,,,,,,,,,,,,,,,,,,,,,,,,,,,,,A,,,,,,es:Estación de San Cristóbal de los Ángeles,Q5494493,https://www.adif.es/w/60107-s.crist%C3%B3bal-%C3%81ngel.,https://www.crtm.es/tu-transporte-publico/cercanias-renfe/estaciones/5_69,yes,station,,Q2476154,Renfe,Q1054785,Cercanías Madrid,San Cristóbal de los Ángeles,https://www.citram.es/HORARIOS/info.aspx?estacion=5_69
n5318466126,"5318466126",node,station,,,,,,,,,,,,,,,,,,,,,,,,,,,,,,,,,,,,,,,,,,,,,,,,yes,,,https://www.adif.es/w/10001-aravaca,https://www.crtm.es/tu-transporte-publico/cercanias-renfe/estaciones/5_9,yes,station,,Q2476154,Renfe,Q1054785,Cercanías Madrid,Aravaca,http://www.citram.es/HORARIOS/info.aspx?estacion=5_9
n5318466127,"5318466127",node,station,,,,,,,,,,,,,,,,,,,,,,,,,,,,,,,,,,,,,,,,,,,A,,,,,,es:Estación de Méndez Álvaro,Q2479775,https://www.adif.es/w/18003-m%C3%A9ndez-%C3%81lvaro-c1-c10,https://www.crtm.es/tu-transporte-publico/cercanias-renfe/estaciones/5_46.aspx,yes,station,"4",,,,,Méndez Álvaro,http://www.citram.es/HORARIOS/info.aspx?estacion=5_46
n5318507233,"5318507233",node,station,,,,,,,,,,,,,,,,,,,,,,,,,,,,,,,,,,,,,,,,,,,,,,,,,es:Estación de Valdebebas,Q19753295,https://www.adif.es/w/98304-valdebebas,https://www.crtm.es/tu-transporte-publico/cercanias-renfe/estaciones/5_144,yes,station,,Q2476154,Renfe,Q1054785,Cercanías Madrid,Valdebebas,http://www.citram.es/HORARIOS/info.aspx?estacion=5_144
n5318548036,"5318548036",node,station,,,,,,,,,,,,,,,,,,,,,,,,,,,,,,,,,,,,,,,,,,,,,,,,,,,https://www.adif.es/w/98305-aeropuerto-t4,https://www.crtm.es/tu-transporte-publico/cercanias-renfe/estaciones/5_142,yes,station,,Q2476154,Renfe,Q1054785,Cercanías Madrid,Aeropuerto T4,http://www.citram.es/HORARIOS/info.aspx?estacion=5_142
n5318600155,"5318600155",node,station,,,,,,,,,,,,,,,,,,,,,,,,,,,,,,,,,,,,,,,,,,,,,,,,,es:Estación de Asamblea de Madrid-Entrevías,Q1960376,https://www.adif.es/w/70002-asamblea-entrev%C3%ADas,https://www.crtm.es/tu-transporte-publico/cercanias-renfe/estaciones/5_10,yes,station,,Q2476154,Renfe,Q1054785,Cercanías Madrid,Asamblea de Madrid-Entrevías,http://www.citram.es/HORARIOS/info.aspx?estacion=5_10
n5320204129,"5320204129",node,station,,,,,,,,,,,,,,,,,,,,,,,,,,,,,,,,,,,,,,,,,,,,,,,,yes,es:Estación de Vallecas,Q5548317,https://www.adif.es/w/70005-Vallecas,https://www.crtm.es/tu-transporte-publico/cercanias-renfe/estaciones/5_87,yes,station,,Q2476154,Renfe,Q1054785,Cercanías Madrid,Vallecas,http://www.citram.es/HORARIOS/info.aspx?estacion=5_87
n5320204130,"5320204130",node,station,,,,,,,,,,,,,,,,,,,,,,,,,,,,,,,,,,,,,,,,,,,,,,,,yes,es:Estación de Santa Eugenia,Q5847173,https://www.adif.es/w/70109-santa-eugenia,https://www.crtm.es/tu-transporte-publico/cercanias-renfe/estaciones/5_75,yes,station,,Q2476154,Renfe,Q1054785,Cercanías Madrid,Santa Eugenia,http://www.citram.es/HORARIOS/info.aspx?estacion=5_75
n5320204131,"5320204131",node,station,,,,,,,,,VI,,,,,,,,,,,,,,,,,,,,,,,,,,,,,,,,,,,,,,,yes,es:Estación de Vicálvaro (Cercanías Madrid),Q5847450,https://www.adif.es/w/70100-vic%C3%A1lvaro,https://www.crtm.es/tu-transporte-publico/cercanias-renfe/estaciones/5_90,yes,station,,Q2476154,Renfe,Q1054785,Cercanías Madrid,Vicálvaro,http://www.citram.es/HORARIOS/info.aspx?estacion=5_90
n5330101189,"5330101189",node,station,,,,,,,,,,,,,,,,,,,,,,,,,,,,,,,,yes,subway,,yes,,,,,,,,A,,,,,yes,es:Estación de Las Rosas,Q3827253,https://www.metromadrid.es/es/linea/linea-2#estacion-255,,,station,,,Metro de Madrid,Q191987,Metro de Madrid,Las Rosas,
n5394167244,"5394167244",node,,,,,,,,,,,,,,,,,,,,,,,,,,,,,,,,,,,,,,,,,,,,,,,,,,,,,,,,,,,Q191987,Metro de Madrid,,
n5394167245,"5394167245",node,,,,,,,,,,,,,,,,,,,,,,,,,,,,,,,,,,,,,,,,,,,,,,,,,,,,,,,,,,,Q191987,Metro de Madrid,,
n5394167246,"5394167246",node,,,,,,,,,,,,,,,,,,,,,,,,,,,,,,,,,,,,,,,,,,,,,,,,,,,,,,,,,,,Q191987,Metro de Madrid,,
n5394167247,"5394167247",node,,,,,,,,,,,,,,,,,,,,,,,,,,,,,,,,,,,,,,,,,,,,,,,,,,,,,,,,,,,Q191987,Metro de Madrid,,
n5394468926,"5394468926",node,subway_entrance,,,,,,,,,,,,,,,,,,,,,,,,,,,,,,,,,,,,,,,,,,,,,,"0",yes,yes,,,,,,,,,,,,,
n5398735128,"5398735128",node,subway_entrance,,,,,,,,,,,,,,,,,,,,,,,,,,,,,,,,,,,,,,,,,,,,,,"0",yes,yes,,,,,,,,,,,,,
n5423856839,"5423856839",node,station,,,,,,,,,,,,,,,,,,,,,,,,,,,"Metro Bilbao;Bilbao Metro Station",,,,,yes,subway,,,,,,,,,,,,,,,no,es:Estación de Bilbao (Metro de Madrid),Q2479784,https://www.metromadrid.es/es/linea/linea-4#estacion-109,http://www.citram.es/HORARIOS/info.aspx?estacion=4_9,,station,,,,Q191987,Metro de Madrid,Bilbao,
n5448172309,"5448172309",node,station,,,,,,,,,,,,,,,,,,,,,,,,,,,,,,,,,,,,,,,,,,,,,,,,yes,es:Estación de El Pozo,Q613656,https://www.adif.es/-/70003-el-pozo,https://www.crtm.es/tu-transporte-publico/cercanias-renfe/estaciones/5_59,yes,station,,Q2476154,Renfe,Q1054785,Cercanías Madrid,El Pozo,http://www.citram.es/HORARIOS/info.aspx?estacion=5_59
n5462590351,"5462590351",node,station,,,,,,,Linea 1,"44",,,,,,,,,,,,,,,,,,,,,,Avenida de Menéndez Pelayo,,yes,subway,,,,,,,,,,,"28007",Madrid,,,yes,es:Estación de Menéndez Pelayo,Q2479001,https://www.metromadrid.es/es/linea/linea-1#estacion-117,http://www.citram.es/HORARIOS/info.aspx?estacion=4_17,,station,,,,Q191987,Metro de Madrid,Menéndez Pelayo,
n5736928864,"5736928864",node,,,,,,,,,,,,,,,,,,,,,,,,,,,,,,,,,,,,,,,,,,,,,,,,,,,,,,,,,,,Q191987,Metro de Madrid,,
n5736928865,"5736928865",node,subway_entrance,,,,,,,,,,,,,,,,,,,,,,,,,,,,,,,,,,,,,,,,,,,,,,,,no,,,,,,,,,,Q191987,Metro de Madrid,Gran Vía de Hortaleza,
n5736928868,"5736928868",node,,,,,,,,,,,,,,,,,,,,,,,,,,,,,,,,,,,,,,,,,,,,,,,,,,,,,,,,,,,Q191987,Metro de Madrid,,
n5736928871,"5736928871",node,,,,,,,,,,,,,,,,,,,,,,,,,,,,,,,,,,,,,,,,,,,,,,,,,,,,,,,,,,,Q191987,Metro de Madrid,,
n5736928874,"5736928874",node,,,,,,,,,,,,,,,,,,,,,,,,,,,,,,,,,,,,,,,,,,,,,,,,,,,,,,,,,,,Q191987,Metro de Madrid,,
n5736935536,"5736935536",node,,,,,,,,,,,,,,,,,,,,,,,,,,,,,,,,,,,,,,,,,,,,,,,,,,,,,,,,,,,Q191987,Metro de Madrid,,
n5736935538,"5736935538",node,subway_entrance,,,,,,elevator,,,,,,,,,,,,,,,,,,,,,,,,,,,,,,,,,,,,,,,,,,yes,,,,,,,,,,Q191987,Metro de Madrid,,
n5736935539,"5736935539",node,,,,,,,,,,,,,,,,,,,,,,,,,,,,,,,,,,,,,,,,,,,,,,,,,,,,,,,,,,,Q191987,Metro de Madrid,,
n5736935540,"5736935540",node,,,,,,,,,,,,,,,,,,,,,,,,,,,,,,,,,,,,,,,,,,,,,,,,,,,,,,,,,,,Q191987,Metro de Madrid,,
n5736935541,"5736935541",node,,,,,,,,,,,,,,,,,,,,,,,,,,,,,,,,,,,,,,,,,,,,,,,,,,,,,,,,,,,Q191987,Metro de Madrid,,
n6179305125,"6179305125",node,station,,,,,,,,,,,,,,,,,,,,,,,,,,,,,,,,,,,,,,,,,,,A,,,,,yes,es:Estación de Villaverde Alto,Q2480338,https://www.adif.es/-/37001-villaverde-alto,https://www.crtm.es/tu-transporte-publico/cercanias-renfe/estaciones/5_92,yes,station,,Q2476154,Renfe,Q1054785,Cercanías Madrid,Villaverde Alto,https://www.citram.es/HORARIOS/info.aspx?estacion=5_92
n6179776526,"6179776526",node,station,,,,,,,,,,,,,,,,,,,,,,,,,,,,,,,,,,,,,,,,,,,,,,,,,,,https://www.adif.es/w/19001-univdad.p.comillas,https://www.crtm.es/tu-transporte-publico/cercanias-renfe/estaciones/5_84,yes,station,,Q2476154,Renfe,Q1054785,Cercanías Madrid,Universidad Pontificia de Comillas,http://www.citram.es/HORARIOS/info.aspx?estacion=5_84
n6186804853,"6186804853",node,station,,,,,,,,,,,,,,,,,,,,,,,,,,,,,,,,yes,subway,,yes,,,,,,,,A,,,,,yes,es:Estación de Pacífico,Q2479769,https://www.metromadrid.es/es/linea/linea-1#estacion-118,http://www.citram.es/HORARIOS/info.aspx?estacion=4_112,,station,,,Metro de Madrid,Q191987,Metro de Madrid,Pacífico,
n6187761909,"6187761909",node,station,,,,,,,,,,,,,,,,,,,,,,,,,,,,,,,,yes,subway,,yes,,,,,,,,A,,,,,yes,es:Estación de Conde de Casal,Q2055817,https://www.metromadrid.es/es/linea/linea-6-circular#estacion-611,http://www.citram.es/HORARIOS/info.aspx?estacion=4_113,,station,,,Metro de Madrid,Q191987,Metro de Madrid,Conde de Casal,
n6374703390,"6374703390",node,subway_entrance,,,,,,,,,,,,,,,,,,,,,,,,,,,,,,,,,,,,,,,,,,,,,,,,,,,,,,,,,,,,Arroyofresno,
n6393976871,"6393976871",node,station,,,,,,,,,,,,,,,,,,,,,,,,,,,,,,,,yes,subway,,,,,,,,,,,,,,,yes,,,https://www.metromadrid.es/es/linea/linea-7#estacion-723,https://www.crtm.es/tu-transporte-publico/metro/estaciones/4_154,,station,,,,Q191987,Metro de Madrid,Pitis,http://www.citram.es/HORARIOS/info.aspx?estacion=4_154
n6654730495,"6654730495",node,,,,,,,,,,,,,,,,,,,,,,,,,,,,,,,,,,,,,,,,,,,,,,,,,,,,,,,,,,,Q191987,Metro de Madrid,,
n6654730496,"6654730496",node,,,,,,,,,,,,,,,,,,,,,,,,,,,,,,,,,,,,,,,,,,,,,,,,,,,,,,,,,,,Q191987,Metro de Madrid,,
n6654730499,"6654730499",node,,,,,,,,,,,,,,,,,,,,,,,,,,,,,,,,,,,,,,,,,,,,,,,,,,,,,,,,,,,Q191987,Metro de Madrid,,
n6717442590,"6717442590",node,,,,,,,,,,,,,,,,,,,,,,,,,,,,,,,,,,,,,,,,,,,,,,,,yes,,,,,,,,,,,,,,
n6721973810,"6721973810",node,subway_entrance,,,,,,,,,,,,,,,,,,,,,,,,,,,,,,,,,,,,,,,,,,,,,,,yes,,,,,,,,,,,,,,
n6970536603,"6970536603",node,station,,,,,,,,,,,,,,,,,,,,,,,,,,,,,,,,,,,,,,,,,,,,,,,,,,,https://www.adif.es/-/98003-fuente-de-la-mora,https://www.crtm.es/tu-transporte-publico/cercanias-renfe/estaciones/5_133,yes,station,,Q2476154,Renfe,Q1054785,Cercanías Madrid,Fuente de la Mora,http://www.citram.es/HORARIOS/info.aspx?estacion=5_133
n7044883744,"7044883744",node,station,,,,,,,,,,,,,,,,,,,,,,,,,,,,,,,,,,,yes,,,,,,,,,,,,,,,,https://www.adif.es/w/18002-nuevos-ministerios,https://www.crtm.es/tu-transporte-publico/cercanias-renfe/estaciones/5_51,yes,station,,Q2476154,Renfe,Q1054785,Cercanías Madrid,Nuevos Ministerios,http://www.citram.es/HORARIOS/info.aspx?estacion=5_51
n7377056867,"7377056867",node,,,,,,,,,,,,,,,,,,,,,,,,,,,,,,,,,,,,,,,,,,,,,,,,yes,,,,,,,,,,,,,,
n7499028215,"7499028215",node,station,,,,,,,,,AT,,,,,,,,,,,,,,,,,,,,,,,,,,,,,,,,,,,,,,,yes,,,https://www.adif.es/w/18000-madrid-atocha-c.,https://www.crtm.es/tu-transporte-publico/cercanias-renfe/estaciones/5_11,yes,station,,Q2476154,Renfe,Q1054785,Cercanías Madrid,Atocha-Cercanías,http://www.citram.es/HORARIOS/info.aspx?estacion=5_11
n7499028216,"7499028216",node,station,,,,,XOC,,,,MPA,,,,,,,,,,,,,,,,,,,,,,,,,,,,,,,,,,,,,,,yes,,,https://www.adif.es/w/60000-madrid-pta-de-atocha,,,station,,,,,,Madrid-Puerta de Atocha-Almudena Grandes,
n7797548495,"7797548495",node,station,,,,,,,,,,,,,,,,,,,,,,,,,,,,,,,,,,,,,,,,,,,,,,,,yes,es:Estación de Cantoblanco Universidad,Q4319104,https://www.adif.es/w/17009-univ.-cantoblanco,https://www.crtm.es/tu-transporte-publico/cercanias-renfe/estaciones/5_15,yes,station,,Q2476154,Renfe,Q1054785,Cercanías Madrid,Cantoblanco Universidad,http://www.citram.es/HORARIOS/info.aspx?estacion=5_15
n7881485897,"7881485897",node,station,,,,yes,,,,,,,,,,,,,,,,,,,,,,,,,,,,,,,,,,,,,,,,,,,,,,,,,,station,,,,,APM,T4,
n7881485901,"7881485901",node,station,,,,yes,,,,,,,,,,,,,,,,,,,,,,,,,,,,,,,,,,,,,,,,,,,,yes,,,,,,station,,,,,,T4S,
n8326246961,"8326246961",node,station,,,logistica.gerenciacentro@adif.es,,,,,"84",,,,,,,,,,,,,,,,,,,,,,Calle de Méndez Álvaro,,,,,,,,,,,,,,"28053",Madrid,,,,,,,,,station,,,Adif,,,Estación de Mercancías Madrid - Abroñigal,
n8982955748,"8982955748",node,,,,,,,,,,,,,,,,,,,,,,,,,,,,,,,,,,,,,,,,,,,,,,,,yes,,,,,,,,,,,,,,
n9518317241,"9518317241",node,station,,,,,,,,,,,,,,,,underground,,,,,,,,,,,,,,,,,,,,,,,,customers,,,,,,,,yes,,Q112040687,https://www.adif.es/w/18005-pir%C3%A1mides,https://www.crtm.es/tu-transporte-publico/cercanias-renfe/estaciones/5_57,yes,station,,Q2476154,Renfe,Q1054785,Cercanías Madrid,Pirámides,http://www.citram.es/HORARIOS/info.aspx?estacion=5_57
n9592831036,"9592831036",node,,,tree,,,,,,,,,,,,,,,,,,,,,,,,,,,,,,,,,,,,,,,,,,,,,,,,,,,,,,,,,,,
n9669569787,"9669569787",node,station,,,,,,,,,,,,,,,,,,,,,,,,,,,,,,,,,,,,,,,,,,,,,,,,yes,es:Estación de El Barrial-Centro Comercial Pozuelo,Q5846138,https://www.adif.es/w/10010-el-barrial-cc.poz.,https://www.crtm.es/tu-transporte-publico/cercanias-renfe/estaciones/5_13,yes,station,,Q2476154,Renfe,Q1054785,Cercanías Madrid,El Barrial-Centro Comercial Pozuelo,http://www.citram.es/HORARIOS/info.aspx?estacion=5_13
n9820978455,"9820978455",node,station,,,,,,,,,MPP,,,,,,,,,,,,,,,,,,"Principe Pio metro;Principe Pio metro station",,,Glorieta de San Vicente,,,,,,,,,,,,,,,Madrid,,,yes,,Q11830371,https://www.adif.es/w/10000-madrid-pr%C3%ADncipe-p%C3%ADo,https://www.crtm.es/tu-transporte-publico/cercanias-renfe/estaciones/5_61,yes,station,,Q2476154,Renfe,Q1054785,Cercanías Madrid,Madrid-Príncipe Pío,http://www.citram.es/HORARIOS/info.aspx?estacion=5_61
n9821007500,"9821007500",node,station,yes,,,,,,,,MCC,,,,,,,,,,,,,,,,,,,,yes,Calle de Agustín de Foxá,,,,,,,,,,,,,,"28036",Madrid,,,yes,,,https://www.adif.es/-/17000-madrid-chamart%C3%ADn,https://www.crtm.es/tu-transporte-publico/cercanias-renfe/estaciones/5_18,yes,station,,Q2476154,Renfe,Q1054785,Cercanías Madrid,Madrid-Chamartín-Clara Campoamor,http://www.citram.es/HORARIOS/info.aspx?estacion=5_18
n10311532840,"10311532840",node,,,,,,,,,,,,,,,,,,,,,,,,,,,,,,,,,,,,,,,,,,,,,,,,yes,,,,,,,,,,,,,,
n10311532841,"10311532841",node,,,,,,,,,,,,,,,,,,,,,,,,,,,,,,,,,,,,,,,,,,,,,,,,yes,,,,,,,,,,,,,,
n10313878512,"10313878512",node,station,,,,,,,,,,,,,,,,,,,,,,,,,,,,,,,,,,,,,,,,,,,,,,,,no,,,https://www.adif.es/w/35600-aluche,https://www.crtm.es/tu-transporte-publico/cercanias-renfe/estaciones/5_7,yes,station,,Q2476154,Renfe,Q1054785,Cercanías Madrid,Aluche,http://www.citram.es/HORARIOS/info.aspx?estacion=5_7
n11394091279,"11394091279",node,,,,,,,,,,,,,,,,,,,,,,,,,,,,,,,,,,,,,,,,,,,,,,,,,,,,,,,,,,,Q191987,Metro de Madrid,,
n11394091280,"11394091280",node,,,,,,,,,,,,,,,,,,,,,,,,,,,,,,,,,,,,,,,,,,,,,,,,,,,,,,,,,,,Q191987,Metro de Madrid,,
n11394091281,"11394091281",node,,,,,,,,,,,,,,,,,,,,,,,,,,,,,,,,,,,,,,,,,,,,,,,,,,,,,,,,,,,Q191987,Metro de Madrid,,
n11394091282,"11394091282",node,,,,,,,,,,,,,,,,,,,,,,,,,,,,,,,,,,,,,,,,,,,,,,,,,,,,,,,,,,,Q191987,Metro de Madrid,,
n11394091295,"11394091295",node,,,,,,,,,,,,,,,,,,,,,,,,,,,,,,,,,,,,,,,,,,,,,,,,,,,,,,,,,,,Q191987,Metro de Madrid,,
n11394091296,"11394091296",node,,,,,,,,,,,,,,,,,,,,,,,,,,,,,,,,,,,,,,,,,,,,,,,,,,,,,,,,,,,Q191987,Metro de Madrid,,
n11394091297,"11394091297",node,,,,,,,,,,,,,,,,,,,,,,,,,,,,,,,,,,,,,,,,,,,,,,,,,,,,,,,,,,,Q191987,Metro de Madrid,,
n11394091298,"11394091298",node,,,,,,,,,,,,,,,,,,,,,,,,,,,,,,,,,,,,,,,,,,,,,,,,,,,,,,,,,,,Q191987,Metro de Madrid,,
n11394091318,"11394091318",node,,,,,,,,,,,,,,,,,,,,,,,,,,,,,,,,,,,,,,,,,,,,,,,,,,,,,,,,,,,Q191987,Metro de Madrid,,
n11715889255,"11715889255",node,,,tree,,,,,,,,,,,,,,,,,,,,,,,,,,,,,,,,,,,,,,,,,,,,,,,,,,,,,,,,,,,
n11715889258,"11715889258",node,,,tree,,,,,,,,,,,,,,,,,,,,,,,,,,,,,,,,,,,,,,,,,,,,,,,,,,,,,,,,,,,
n11715889259,"11715889259",node,,,tree,,,,,,,,,,,,,,,,,,,,,,,,,,,,,,,,,,,,,,,,,,,,,,,,,,,,,,,,,,,
n11715889260,"11715889260",node,,,tree,,,,,,,,,,,,,,,,,,,,,,,,,,,,,,,,,,,,,,,,,,,,,,,,,,,,,,,,,,,
n11715889261,"11715889261",node,,,tree,,,,,,,,,,,,,,,,,,,,,,,,,,,,,,,,,,,,,,,,,,,,,,,,,,,,,,,,,,,
n11715889262,"11715889262",node,,,tree,,,,,,,,,,,,,,,,,,,,,,,,,,,,,,,,,,,,,,,,,,,,,,,,,,,,,,,,,,,
n11715889263,"11715889263",node,,,tree,,,,,,,,,,,,,,,,,,,,,,,,,,,,,,,,,,,,,,,,,,,,,,,,,,,,,,,,,,,
n11715889264,"11715889264",node,,,tree,,,,,,,,,,,,,,,,,,,,,,,,,,,,,,,,,,,,,,,,,,,,,,,,,,,,,,,,,,,
n11715889265,"11715889265",node,,,tree,,,,,,,,,,,,,,,,,,,,,,,,,,,,,,,,,,,,,,,,,,,,,,,,,,,,,,,,,,,
n11715889266,"11715889266",node,,,tree,,,,,,,,,,,,,,,,,,,,,,,,,,,,,,,,,,,,,,,,,,,,,,,,,,,,,,,,,,,
n11715889267,"11715889267",node,,,tree,,,,,,,,,,,,,,,,,,,,,,,,,,,,,,,,,,,,,,,,,,,,,,,,,,,,,,,,,,,
n11715889268,"11715889268",node,,,tree,,,,,,,,,,,,,,,,,,,,,,,,,,,,,,,,,,,,,,,,,,,,,,,,,,,,,,,,,,,
n11715893869,"11715893869",node,,,tree,,,,,,,,,,,,,,,,,,,,,,,,,,,,,,,,,,,,,,,,,,,,,,,,,,,,,,,,,,,
n11715893870,"11715893870",node,,,tree,,,,,,,,,,,,,,,,,,,,,,,,,,,,,,,,,,,,,,,,,,,,,,,,,,,,,,,,,,,
n11811682212,"11811682212",node,,,,,,,,,,,,,,,,,,,,,,,,,,,,,,,,,,,,,,,,,,,,,,,,yes,,,,,,,,,,,,,,
n11820002072,"11820002072",node,,,,,,,,,,,,,,,,,,,,,,,,,,,,,,,,,,,,,,,,,,,,,,,,yes,,,,,,,,,,,,,,
n12301152660,"12301152660",node,station,,,,,,,,,,,,,,,,,,,,,,,,,,,,,,,,yes,subway,"1",,,,,,,,,A,,,,,yes,,,,http://www.citram.es/HORARIOS/info.aspx?estacion=4_100,,station,,,Metro de Madrid,Q191987,Metro de Madrid,Aluche,
