fecha,cod_municipio,municipio,cod_distrito,distrito,cod_barrio,barrio,num_personas,num_personas_hombres,num_personas_mujeres
1 de enero de 2024,28079,Madrid,1, Centro,1, Centro,1454110.0,73734.0,71677.0
1 de enero de 2024,28079,Madrid,2, Arganzuela,2, Arganzuela,1565590.0,73311.0,83248.0
1 de enero de 2024,28079,Madrid,3, Retiro,3, Retiro,1197570.0,54339.0,65418.0
1 de enero de 2024,28079,Madrid,4, Salamanca,4, Salamanca,1497780.0,66374.0,83404.0
1 de enero de 2024,28079,Madrid,5, Chamartín,5, Chamartín,1481110.0,6686.0,81251.0
1 de enero de 2024,28079,Madrid,6, Tetuán,6, Tetuán,1662110.0,76072.0,90139.0
1 de enero de 2024,28079,Madrid,7, Chamberí,7, Chamberí,1419840.0,62918.0,79066.0
1 de enero de 2024,28079,Madrid,8, Fuencarral-El Pardo,8, Fuencarral-El Pardo,2538980.0,119721.0,134177.0
1 de enero de 2024,28079,Madrid,9, Moncloa-Aravaca,9, Moncloa-Aravaca,1252230.0,58121.0,67102.0
1 de enero de 2024,28079,Madrid,10, Latina,10, Latina,2503960.0,116437.0,133959.0
1 de enero de 2024,28079,Madrid,11, Carabanchel,11, Carabanchel,2744060.0,128997.0,145409.0
1 de enero de 2024,28079,Madrid,12, Usera,12, Usera,1491130.0,70801.0,78312.0
1 de enero de 2024,28079,Madrid,13, Puente de Vallecas,13, Puente de Vallecas,2530480.0,12053.0,132518.0
1 de enero de 2024,28079,Madrid,14, Moratalaz,14, Moratalaz,951230.0,43412.0,51711.0
1 de enero de 2024,28079,Madrid,15, Ciudad Lineal,15, Ciudad Lineal,2300350.0,105836.0,124199.0
1 de enero de 2024,28079,Madrid,16, Hortaleza,16, Hortaleza,2051820.0,97439.0,107743.0
1 de enero de 2024,28079,Madrid,17, Villaverde,17, Villaverde,1679520.0,80563.0,87389.0
1 de enero de 2024,28079,Madrid,18, Villa de Vallecas,18, Villa de Vallecas,1223370.0,59153.0,63184.0
1 de enero de 2024,28079,Madrid,19, Vicálvaro,19, Vicálvaro,897720.0,4349.0,46282.0
1 de enero de 2024,28079,Madrid,20, San Blas-Canillejas,20, San Blas-Canillejas,1665830.0,78823.0,8776.0
1 de enero de 2024,28079,Madrid,21, Barajas,21, Barajas,496120.0,23837.0,25775.0
1 de enero de 2024,28079,Madrid,1, Centro,11,Palacio,243320.0,12008.0,12324.0
1 de enero de 2024,28079,Madrid,1, Centro,12,Embajadores,48590.0,25475.0,23115.0
1 de enero de 2024,28079,Madrid,1, Centro,13,Cortes,111710.0,5523.0,5648.0
1 de enero de 2024,28079,Madrid,1, Centro,14,Justicia,187390.0,9497.0,9242.0
1 de enero de 2024,28079,Madrid,1, Centro,15,Universidad,340730.0,1685.0,17223.0
1 de enero de 2024,28079,Madrid,1, Centro,16,Sol,85060.0,4381.0,4125.0
1 de enero de 2024,28079,Madrid,2, Arganzuela,21,Imperial,226680.0,10538.0,1213.0
1 de enero de 2024,28079,Madrid,2, Arganzuela,22,Acacias,364750.0,16823.0,19652.0
1 de enero de 2024,28079,Madrid,2, Arganzuela,23,Chopera,202560.0,9242.0,11014.0
1 de enero de 2024,28079,Madrid,2, Arganzuela,24,Legazpi,198580.0,9712.0,10146.0
1 de enero de 2024,28079,Madrid,2, Arganzuela,25,Delicias,294650.0,13888.0,15577.0
1 de enero de 2024,28079,Madrid,2, Arganzuela,26,Palos de la Frontera,25790.0,12112.0,13678.0
1 de enero de 2024,28079,Madrid,2, Arganzuela,27,Atocha,20470.0,996.0,1051.0
1 de enero de 2024,28079,Madrid,3, Retiro,31,Pacífico,337430.0,15154.0,18589.0
1 de enero de 2024,28079,Madrid,3, Retiro,32,Adelfas,190250.0,8854.0,10171.0
1 de enero de 2024,28079,Madrid,3, Retiro,33,Estrella,227740.0,10454.0,1232.0
1 de enero de 2024,28079,Madrid,3, Retiro,34,Ibiza,22010.0,9723.0,12287.0
1 de enero de 2024,28079,Madrid,3, Retiro,35,Los Jerónimos,69340.0,3245.0,3689.0
1 de enero de 2024,28079,Madrid,3, Retiro,36,Niño Jesús,152710.0,6909.0,8362.0
1 de enero de 2024,28079,Madrid,4, Salamanca,41,Recoletos,158450.0,7136.0,8709.0
1 de enero de 2024,28079,Madrid,4, Salamanca,42,Goya,303810.0,13219.0,17162.0
1 de enero de 2024,28079,Madrid,4, Salamanca,43,Fuente del Berro,214490.0,9433.0,12016.0
1 de enero de 2024,28079,Madrid,4, Salamanca,44,Guindalera,429050.0,19531.0,23374.0
1 de enero de 2024,28079,Madrid,4, Salamanca,45,Lista,215060.0,9315.0,12191.0
1 de enero de 2024,28079,Madrid,4, Salamanca,46,Castellana,176920.0,774.0,9952.0
1 de enero de 2024,28079,Madrid,5, Chamartín,51,El Viso,175450.0,7917.0,9628.0
1 de enero de 2024,28079,Madrid,5, Chamartín,52,Prosperidad,369610.0,1653.0,20431.0
1 de enero de 2024,28079,Madrid,5, Chamartín,53,Ciudad Jardín,189280.0,8402.0,10526.0
1 de enero de 2024,28079,Madrid,5, Chamartín,54,Hispanoamérica,320140.0,14453.0,17561.0
1 de enero de 2024,28079,Madrid,5, Chamartín,55,Nueva España,250430.0,11312.0,13731.0
1 de enero de 2024,28079,Madrid,5, Chamartín,56,Castilla,17620.0,8246.0,9374.0
1 de enero de 2024,28079,Madrid,6, Tetuán,61,Bellas Vistas,305310.0,14018.0,16513.0
1 de enero de 2024,28079,Madrid,6, Tetuán,62,Cuatro Caminos,357230.0,1602.0,19703.0
1 de enero de 2024,28079,Madrid,6, Tetuán,63,Castillejos,212560.0,9619.0,11637.0
1 de enero de 2024,28079,Madrid,6, Tetuán,64,Almenara,24090.0,11272.0,12818.0
1 de enero de 2024,28079,Madrid,6, Tetuán,65,Valdeacederas,277980.0,13024.0,14774.0
1 de enero de 2024,28079,Madrid,6, Tetuán,66,Berruguete,268130.0,12119.0,14694.0
1 de enero de 2024,28079,Madrid,7, Chamberí,71,Gaztambide,235330.0,10421.0,13112.0
1 de enero de 2024,28079,Madrid,7, Chamberí,72,Arapiles,249310.0,11111.0,1382.0
1 de enero de 2024,28079,Madrid,7, Chamberí,73,Trafalgar,253280.0,11491.0,13837.0
1 de enero de 2024,28079,Madrid,7, Chamberí,74,Almagro,199920.0,8841.0,11151.0
1 de enero de 2024,28079,Madrid,7, Chamberí,75,Ríos Rosas,279620.0,12261.0,15701.0
1 de enero de 2024,28079,Madrid,7, Chamberí,76,Vallehermoso,202380.0,8793.0,11445.0
1 de enero de 2024,28079,Madrid,8, Fuencarral-El Pardo,81,El Pardo,3460.0,1729.0,1731.0
1 de enero de 2024,28079,Madrid,8, Fuencarral-El Pardo,82,Fuentelarreina,34980.0,1591.0,1907.0
1 de enero de 2024,28079,Madrid,8, Fuencarral-El Pardo,83,Peñagrande,448440.0,20857.0,23987.0
1 de enero de 2024,28079,Madrid,8, Fuencarral-El Pardo,84,Pilar,465430.0,21173.0,2537.0
1 de enero de 2024,28079,Madrid,8, Fuencarral-El Pardo,85,La Paz,323430.0,15008.0,17335.0
1 de enero de 2024,28079,Madrid,8, Fuencarral-El Pardo,86,Valverde,66870.0,3199.0,3488.0
1 de enero de 2024,28079,Madrid,8, Fuencarral-El Pardo,87,Mirasierra,367440.0,17679.0,19065.0
1 de enero de 2024,28079,Madrid,8, Fuencarral-El Pardo,88,El Goloso,195960.0,9694.0,9902.0
1 de enero de 2024,28079,Madrid,9, Moncloa-Aravaca,91,Casa de Campo,129460.0,6047.0,6899.0
1 de enero de 2024,28079,Madrid,9, Moncloa-Aravaca,92,Argüelles,249870.0,11492.0,13495.0
1 de enero de 2024,28079,Madrid,9, Moncloa-Aravaca,93,Ciudad Universitaria,168760.0,7835.0,9041.0
1 de enero de 2024,28079,Madrid,9, Moncloa-Aravaca,94,Valdezarza,316140.0,14578.0,17036.0
1 de enero de 2024,28079,Madrid,9, Moncloa-Aravaca,95,Valdemarín,74510.0,3491.0,396.0
1 de enero de 2024,28079,Madrid,9, Moncloa-Aravaca,96,El Plantío,31560.0,1467.0,1689.0
1 de enero de 2024,28079,Madrid,9, Moncloa-Aravaca,97,Aravaca,281930.0,13211.0,14982.0
1 de enero de 2024,28079,Madrid,10, Latina,101,Los Cármenes,184230.0,8757.0,9666.0
1 de enero de 2024,28079,Madrid,10, Latina,102,Puerta del Angel,455130.0,21325.0,24188.0
1 de enero de 2024,28079,Madrid,10, Latina,103,Lucero,380720.0,17835.0,20237.0
1 de enero de 2024,28079,Madrid,10, Latina,104,Aluche,689730.0,31619.0,37354.0
1 de enero de 2024,28079,Madrid,10, Latina,105,Campamento,206570.0,9511.0,11146.0
1 de enero de 2024,28079,Madrid,10, Latina,106,Cuatro Vientos,64170.0,3192.0,3225.0
1 de enero de 2024,28079,Madrid,10, Latina,107,Águilas,523410.0,24198.0,28143.0
1 de enero de 2024,28079,Madrid,11, Carabanchel,111,Comillas,234660.0,10873.0,12593.0
1 de enero de 2024,28079,Madrid,11, Carabanchel,112,Opañel,355130.0,16394.0,19119.0
1 de enero de 2024,28079,Madrid,11, Carabanchel,113,San Isidro,421840.0,19962.0,22222.0
1 de enero de 2024,28079,Madrid,11, Carabanchel,114,Vista Alegre,501530.0,23083.0,2707.0
1 de enero de 2024,28079,Madrid,11, Carabanchel,115,Puerta Bonita,387810.0,1836.0,20421.0
1 de enero de 2024,28079,Madrid,11, Carabanchel,116,Buenavista,51040.0,2474.0,263.0
1 de enero de 2024,28079,Madrid,11, Carabanchel,117,Abrantes,332690.0,15585.0,17684.0
1 de enero de 2024,28079,Madrid,12, Usera,121,Orcasitas,234820.0,1101.0,12472.0
1 de enero de 2024,28079,Madrid,12, Usera,122,Orcasur,148510.0,7207.0,7644.0
1 de enero de 2024,28079,Madrid,12, Usera,123,San Fermín,24510.0,11716.0,12794.0
1 de enero de 2024,28079,Madrid,12, Usera,124,Almendrales,239270.0,11389.0,12538.0
1 de enero de 2024,28079,Madrid,12, Usera,125,Moscardó,278730.0,13169.0,14704.0
1 de enero de 2024,28079,Madrid,12, Usera,126,Zofío,152980.0,7166.0,8132.0
1 de enero de 2024,28079,Madrid,12, Usera,127,Pradolongo,191720.0,9144.0,10028.0
1 de enero de 2024,28079,Madrid,13, Puente de Vallecas,131,Entrevías,368510.0,17711.0,1914.0
1 de enero de 2024,28079,Madrid,13, Puente de Vallecas,132,San Diego,493390.0,23856.0,25483.0
1 de enero de 2024,28079,Madrid,13, Puente de Vallecas,133,Palomeras Bajas,417550.0,19533.0,22222.0
1 de enero de 2024,28079,Madrid,13, Puente de Vallecas,134,Palomeras Sureste,443960.0,21125.0,23271.0
1 de enero de 2024,28079,Madrid,13, Puente de Vallecas,135,Portazgo,297460.0,1396.0,15786.0
1 de enero de 2024,28079,Madrid,13, Puente de Vallecas,136,Numancia,509610.0,24345.0,26616.0
1 de enero de 2024,28079,Madrid,14, Moratalaz,141,Pavones,92080.0,424.0,4968.0
1 de enero de 2024,28079,Madrid,14, Moratalaz,142,Horcajo,64210.0,3069.0,3352.0
1 de enero de 2024,28079,Madrid,14, Moratalaz,143,Marroquina,263780.0,12105.0,14273.0
1 de enero de 2024,28079,Madrid,14, Moratalaz,144,Media Legua,177870.0,8073.0,9714.0
1 de enero de 2024,28079,Madrid,14, Moratalaz,145,Fontarrón,180.0,8189.0,9811.0
1 de enero de 2024,28079,Madrid,14, Moratalaz,146,Vinateros,173290.0,7736.0,9593.0
1 de enero de 2024,28079,Madrid,15, Ciudad Lineal,151,Ventas,522230.0,23931.0,28292.0
1 de enero de 2024,28079,Madrid,15, Ciudad Lineal,152,Pueblo Nuevo,658740.0,30575.0,35299.0
1 de enero de 2024,28079,Madrid,15, Ciudad Lineal,153,Quintana,267620.0,12145.0,14617.0
1 de enero de 2024,28079,Madrid,15, Ciudad Lineal,154,La Concepción,222560.0,10138.0,12118.0
1 de enero de 2024,28079,Madrid,15, Ciudad Lineal,155,San Pascual,190190.0,867.0,10349.0
1 de enero de 2024,28079,Madrid,15, Ciudad Lineal,156,San Juan Bautista,13120.0,6159.0,6961.0
1 de enero de 2024,28079,Madrid,15, Ciudad Lineal,157,Colina,6810.0,3063.0,3747.0
1 de enero de 2024,28079,Madrid,15, Ciudad Lineal,158,Atalaya,16720.0,717.0,955.0
1 de enero de 2024,28079,Madrid,15, Ciudad Lineal,159,Costillares,222990.0,10438.0,11861.0
1 de enero de 2024,28079,Madrid,16, Hortaleza,161,Palomas,70180.0,3442.0,3576.0
1 de enero de 2024,28079,Madrid,16, Hortaleza,162,Piovera,154550.0,7422.0,8033.0
1 de enero de 2024,28079,Madrid,16, Hortaleza,163,Canillas,40440.0,18793.0,21647.0
1 de enero de 2024,28079,Madrid,16, Hortaleza,164,Pinar del Rey,533130.0,24503.0,2881.0
1 de enero de 2024,28079,Madrid,16, Hortaleza,165,Apóstol Santiago,158420.0,7541.0,8301.0
1 de enero de 2024,28079,Madrid,16, Hortaleza,166,Valdefuentes,731140.0,35738.0,37376.0
1 de enero de 2024,28079,Madrid,17, Villaverde,171,Villaverde Alto,,,
1 de enero de 2024,28079,Madrid,17, Villaverde,172,San Cristóbal,18870.0,9411.0,9459.0
1 de enero de 2024,28079,Madrid,17, Villaverde,173,Butarque,223750.0,1081.0,11565.0
1 de enero de 2024,28079,Madrid,17, Villaverde,174,Los Rosales,396480.0,19005.0,20643.0
1 de enero de 2024,28079,Madrid,17, Villaverde,175,Ángeles,367930.0,17236.0,19557.0
1 de enero de 2024,28079,Madrid,18, Villa de Vallecas,181,Casco Histórico de Vallecas,419840.0,20266.0,21718.0
1 de enero de 2024,28079,Madrid,18, Villa de Vallecas,182,Santa Eugenia,241680.0,1157.0,12598.0
1 de enero de 2024,28079,Madrid,18, Villa de Vallecas,183,Ensanche de Vallecas,561850.0,27317.0,28868.0
1 de enero de 2024,28079,Madrid,19, Vicálvaro,191,Casco Histórico de Vicálvaro,370180.0,1776.0,19258.0
1 de enero de 2024,28079,Madrid,19, Vicálvaro,192,Valdebernardo,176930.0,8425.0,9268.0
1 de enero de 2024,28079,Madrid,19, Vicálvaro,193,Valderrivas,178680.0,865.0,9218.0
1 de enero de 2024,28079,Madrid,19, Vicálvaro,194,El Cañaveral,171930.0,8655.0,8538.0
1 de enero de 2024,28079,Madrid,20, San Blas-Canillejas,201,Simancas,301580.0,14293.0,15865.0
1 de enero de 2024,28079,Madrid,20, San Blas-Canillejas,202,Hellín,99650.0,459.0,5375.0
1 de enero de 2024,28079,Madrid,20, San Blas-Canillejas,203,Amposta,97490.0,4564.0,5185.0
1 de enero de 2024,28079,Madrid,20, San Blas-Canillejas,204,Arcos,26280.0,12416.0,13864.0
1 de enero de 2024,28079,Madrid,20, San Blas-Canillejas,205,Rosas,308380.0,14734.0,16104.0
1 de enero de 2024,28079,Madrid,20, San Blas-Canillejas,206,Rejas,181960.0,8867.0,9329.0
1 de enero de 2024,28079,Madrid,20, San Blas-Canillejas,207,Canillejas,299430.0,13922.0,16021.0
1 de enero de 2024,28079,Madrid,20, San Blas-Canillejas,208,El Salvador,114540.0,5437.0,6017.0
1 de enero de 2024,28079,Madrid,21, Barajas,211,Alameda de Osuna,198750.0,9484.0,10391.0
1 de enero de 2024,28079,Madrid,21, Barajas,212,Aeropuerto,19490.0,990.0,959.0
1 de enero de 2024,28079,Madrid,21, Barajas,213,Casco Histórico de Barajas,76250.0,3658.0,3967.0
1 de enero de 2024,28079,Madrid,21, Barajas,214,Timón,1240.0,5878.0,6522.0
1 de enero de 2024,28079,Madrid,21, Barajas,215,Corralejos,77630.0,3827.0,3936.0
1 de enero de 2023,28079,Madrid,1, Centro,1, Centro,1396870.0,7077.0,68917.0
1 de enero de 2023,28079,Madrid,2, Arganzuela,2, Arganzuela,1533040.0,71754.0,8155.0
1 de enero de 2023,28079,Madrid,3, Retiro,3, Retiro,1179180.0,53458.0,6446.0
1 de enero de 2023,28079,Madrid,4, Salamanca,4, Salamanca,1457020.0,64452.0,8125.0
1 de enero de 2023,28079,Madrid,5, Chamartín,5, Chamartín,1447960.0,65245.0,79551.0
1 de enero de 2023,28079,Madrid,6, Tetuán,6, Tetuán,1600020.0,72938.0,87064.0
1 de enero de 2023,28079,Madrid,7, Chamberí,7, Chamberí,1382040.0,61149.0,77055.0
1 de enero de 2023,28079,Madrid,8, Fuencarral-El Pardo,8, Fuencarral-El Pardo,2484430.0,116944.0,131499.0
1 de enero de 2023,28079,Madrid,9, Moncloa-Aravaca,9, Moncloa-Aravaca,1217570.0,56357.0,654.0
1 de enero de 2023,28079,Madrid,10, Latina,10, Latina,2416720.0,112093.0,129579.0
1 de enero de 2023,28079,Madrid,11, Carabanchel,11, Carabanchel,2623390.0,122632.0,139707.0
1 de enero de 2023,28079,Madrid,12, Usera,12, Usera,1427460.0,67538.0,75208.0
1 de enero de 2023,28079,Madrid,13, Puente de Vallecas,13, Puente de Vallecas,2416030.0,114542.0,127061.0
1 de enero de 2023,28079,Madrid,14, Moratalaz,14, Moratalaz,928140.0,42212.0,50602.0
1 de enero de 2023,28079,Madrid,15, Ciudad Lineal,15, Ciudad Lineal,2203450.0,100759.0,119586.0
1 de enero de 2023,28079,Madrid,16, Hortaleza,16, Hortaleza,1983910.0,941.0,104291.0
1 de enero de 2023,28079,Madrid,17, Villaverde,17, Villaverde,1590380.0,76131.0,82907.0
1 de enero de 2023,28079,Madrid,18, Villa de Vallecas,18, Villa de Vallecas,1175010.0,56726.0,60775.0
1 de enero de 2023,28079,Madrid,19, Vicálvaro,19, Vicálvaro,838040.0,4058.0,43224.0
1 de enero de 2023,28079,Madrid,20, San Blas-Canillejas,20, San Blas-Canillejas,1612190.0,76154.0,85065.0
1 de enero de 2023,28079,Madrid,21, Barajas,21, Barajas,486460.0,23332.0,25314.0
1 de enero de 2023,28079,Madrid,1, Centro,11,Palacio,235010.0,11557.0,11944.0
1 de enero de 2023,28079,Madrid,1, Centro,12,Embajadores,462040.0,24094.0,2211.0
1 de enero de 2023,28079,Madrid,1, Centro,13,Cortes,108160.0,535.0,5466.0
1 de enero de 2023,28079,Madrid,1, Centro,14,Justicia,182190.0,9261.0,8958.0
1 de enero de 2023,28079,Madrid,1, Centro,15,Universidad,327830.0,16269.0,16514.0
1 de enero de 2023,28079,Madrid,1, Centro,16,Sol,81640.0,4239.0,3925.0
1 de enero de 2023,28079,Madrid,2, Arganzuela,21,Imperial,223850.0,10421.0,11964.0
1 de enero de 2023,28079,Madrid,2, Arganzuela,22,Acacias,360690.0,16616.0,19453.0
1 de enero de 2023,28079,Madrid,2, Arganzuela,23,Chopera,197610.0,8992.0,10769.0
1 de enero de 2023,28079,Madrid,2, Arganzuela,24,Legazpi,194680.0,9508.0,996.0
1 de enero de 2023,28079,Madrid,2, Arganzuela,25,Delicias,285750.0,13463.0,15112.0
1 de enero de 2023,28079,Madrid,2, Arganzuela,26,PalosdeMoguer,250970.0,11797.0,133.0
1 de enero de 2023,28079,Madrid,2, Arganzuela,27,Atocha,19490.0,957.0,992.0
1 de enero de 2023,28079,Madrid,3, Retiro,31,Pacífico,330270.0,14809.0,18218.0
1 de enero de 2023,28079,Madrid,3, Retiro,32,Adelfas,188320.0,8699.0,10133.0
1 de enero de 2023,28079,Madrid,3, Retiro,33,Estrella,226490.0,10393.0,12256.0
1 de enero de 2023,28079,Madrid,3, Retiro,34,Ibiza,214920.0,9568.0,11924.0
1 de enero de 2023,28079,Madrid,3, Retiro,35,LosJerónimos,68250.0,3177.0,3648.0
1 de enero de 2023,28079,Madrid,3, Retiro,36,NiñoJesús,150930.0,6812.0,8281.0
1 de enero de 2023,28079,Madrid,4, Salamanca,41,Recoletos,154440.0,6966.0,8478.0
1 de enero de 2023,28079,Madrid,4, Salamanca,42,Goya,294770.0,12872.0,16605.0
1 de enero de 2023,28079,Madrid,4, Salamanca,43,FuentedelBerro,209290.0,9129.0,118.0
1 de enero de 2023,28079,Madrid,4, Salamanca,44,Guindalera,419640.0,19006.0,22958.0
1 de enero de 2023,28079,Madrid,4, Salamanca,45,Lista,209690.0,9056.0,11913.0
1 de enero de 2023,28079,Madrid,4, Salamanca,46,Castellana,169190.0,7423.0,9496.0
1 de enero de 2023,28079,Madrid,5, Chamartín,51,ElViso,172740.0,781.0,9464.0
1 de enero de 2023,28079,Madrid,5, Chamartín,52,Prosperidad,360270.0,16072.0,19955.0
1 de enero de 2023,28079,Madrid,5, Chamartín,53,CiudadJardín,185130.0,8234.0,10279.0
1 de enero de 2023,28079,Madrid,5, Chamartín,54,Hispanoamérica,31470.0,14159.0,17311.0
1 de enero de 2023,28079,Madrid,5, Chamartín,55,NuevaEspaña,244660.0,1105.0,13416.0
1 de enero de 2023,28079,Madrid,5, Chamartín,56,Castilla,170460.0,792.0,9126.0
1 de enero de 2023,28079,Madrid,6, Tetuán,61,BellasVistas,293550.0,13428.0,15927.0
1 de enero de 2023,28079,Madrid,6, Tetuán,62,CuatroCaminos,347530.0,15537.0,19216.0
1 de enero de 2023,28079,Madrid,6, Tetuán,63,Castillejos,20570.0,9239.0,11331.0
1 de enero de 2023,28079,Madrid,6, Tetuán,64,Almenara,230570.0,10688.0,12369.0
1 de enero de 2023,28079,Madrid,6, Tetuán,65,Valdeacederas,265730.0,12442.0,14131.0
1 de enero de 2023,28079,Madrid,6, Tetuán,66,Berruguete,256940.0,11604.0,1409.0
1 de enero de 2023,28079,Madrid,7, Chamberí,71,Gaztambide,229590.0,10157.0,12802.0
1 de enero de 2023,28079,Madrid,7, Chamberí,72,Arapiles,24190.0,10831.0,13359.0
1 de enero de 2023,28079,Madrid,7, Chamberí,73,Trafalgar,246210.0,11147.0,13474.0
1 de enero de 2023,28079,Madrid,7, Chamberí,74,Almagro,194180.0,8567.0,10851.0
1 de enero de 2023,28079,Madrid,7, Chamberí,75,RíosRosas,271630.0,11828.0,15335.0
1 de enero de 2023,28079,Madrid,7, Chamberí,76,Vallehermoso,198530.0,8619.0,11234.0
1 de enero de 2023,28079,Madrid,8, Fuencarral-El Pardo,81,ElPardo,34210.0,1716.0,1705.0
1 de enero de 2023,28079,Madrid,8, Fuencarral-El Pardo,82,Fuentelarreina,3410.0,1559.0,1851.0
1 de enero de 2023,28079,Madrid,8, Fuencarral-El Pardo,83,Peñagrande,443410.0,20597.0,23744.0
1 de enero de 2023,28079,Madrid,8, Fuencarral-El Pardo,84,Pilar,45610.0,2072.0,2489.0
1 de enero de 2023,28079,Madrid,8, Fuencarral-El Pardo,85,LaPaz,321920.0,14964.0,17228.0
1 de enero de 2023,28079,Madrid,8, Fuencarral-El Pardo,86,Valverde,647570.0,30851.0,33906.0
1 de enero de 2023,28079,Madrid,8, Fuencarral-El Pardo,87,Mirasierra,356760.0,1716.0,18516.0
1 de enero de 2023,28079,Madrid,8, Fuencarral-El Pardo,88,ElGoloso,190360.0,9377.0,9659.0
1 de enero de 2023,28079,Madrid,9, Moncloa-Aravaca,91,CasadeCampo,127670.0,5958.0,6809.0
1 de enero de 2023,28079,Madrid,9, Moncloa-Aravaca,92,Argüelles,244970.0,11207.0,1329.0
1 de enero de 2023,28079,Madrid,9, Moncloa-Aravaca,93,CiudadUniversitaria,163640.0,7603.0,8761.0
1 de enero de 2023,28079,Madrid,9, Moncloa-Aravaca,94,Valdezarza,304840.0,14001.0,16483.0
1 de enero de 2023,28079,Madrid,9, Moncloa-Aravaca,95,Valdemarín,71560.0,3339.0,3817.0
1 de enero de 2023,28079,Madrid,9, Moncloa-Aravaca,96,ElPlantío,30440.0,1413.0,1631.0
1 de enero de 2023,28079,Madrid,9, Moncloa-Aravaca,97,Aravaca,274450.0,12836.0,14609.0
1 de enero de 2023,28079,Madrid,10, Latina,101,LosCármenes,179030.0,8484.0,9419.0
1 de enero de 2023,28079,Madrid,10, Latina,102,PuertadelÁngel,432920.0,20165.0,23127.0
1 de enero de 2023,28079,Madrid,10, Latina,103,Lucero,367490.0,17156.0,19593.0
1 de enero de 2023,28079,Madrid,10, Latina,104,Aluche,665880.0,30384.0,36204.0
1 de enero de 2023,28079,Madrid,10, Latina,105,Campamento,19750.0,9111.0,10639.0
1 de enero de 2023,28079,Madrid,10, Latina,106,CuatroVientos,61220.0,3068.0,3054.0
1 de enero de 2023,28079,Madrid,10, Latina,107,Águilas,512680.0,23725.0,27543.0
1 de enero de 2023,28079,Madrid,11, Carabanchel,111,Comillas,227210.0,10491.0,1223.0
1 de enero de 2023,28079,Madrid,11, Carabanchel,112,Opañel,338830.0,15556.0,18327.0
1 de enero de 2023,28079,Madrid,11, Carabanchel,113,SanIsidro,403680.0,18969.0,21399.0
1 de enero de 2023,28079,Madrid,11, Carabanchel,114,VistaAlegre,477270.0,21823.0,25904.0
1 de enero de 2023,28079,Madrid,11, Carabanchel,115,PuertaBonita,367980.0,17349.0,19449.0
1 de enero de 2023,28079,Madrid,11, Carabanchel,116,Buenavista,491510.0,23733.0,25418.0
1 de enero de 2023,28079,Madrid,11, Carabanchel,117,Abrantes,316910.0,14711.0,1698.0
1 de enero de 2023,28079,Madrid,12, Usera,121,Orcasitas,230850.0,109.0,12185.0
1 de enero de 2023,28079,Madrid,12, Usera,122,Orcasur,14390.0,6987.0,7403.0
1 de enero de 2023,28079,Madrid,12, Usera,123,SanFermín,235980.0,11246.0,12352.0
1 de enero de 2023,28079,Madrid,12, Usera,124,Almendrales,228340.0,10755.0,12079.0
1 de enero de 2023,28079,Madrid,12, Usera,125,Moscardó,265790.0,12531.0,14048.0
1 de enero de 2023,28079,Madrid,12, Usera,126,Zofío,143820.0,6681.0,7701.0
1 de enero de 2023,28079,Madrid,12, Usera,127,Pradolongo,178780.0,8438.0,944.0
1 de enero de 2023,28079,Madrid,13, Puente de Vallecas,131,Entrevías,353990.0,16976.0,18423.0
1 de enero de 2023,28079,Madrid,13, Puente de Vallecas,132,SanDiego,451040.0,21593.0,23511.0
1 de enero de 2023,28079,Madrid,13, Puente de Vallecas,133,PalomerasBajas,404770.0,18947.0,2153.0
1 de enero de 2023,28079,Madrid,13, Puente de Vallecas,134,PalomerasSureste,431620.0,20491.0,22671.0
1 de enero de 2023,28079,Madrid,13, Puente de Vallecas,135,Portazgo,287410.0,13471.0,1527.0
1 de enero de 2023,28079,Madrid,13, Puente de Vallecas,136,Numancia,48720.0,23064.0,25656.0
1 de enero de 2023,28079,Madrid,14, Moratalaz,141,Pavones,88140.0,4035.0,4779.0
1 de enero de 2023,28079,Madrid,14, Moratalaz,142,Horcajo,63390.0,3029.0,331.0
1 de enero de 2023,28079,Madrid,14, Moratalaz,143,Marroquina,26120.0,11962.0,14158.0
1 de enero de 2023,28079,Madrid,14, Moratalaz,144,MediaLegua,173230.0,7828.0,9495.0
1 de enero de 2023,28079,Madrid,14, Moratalaz,145,Fontarrón,173330.0,7876.0,9457.0
1 de enero de 2023,28079,Madrid,14, Moratalaz,146,Vinateros,168850.0,7482.0,9403.0
1 de enero de 2023,28079,Madrid,15, Ciudad Lineal,151,Ventas,502180.0,22868.0,2735.0
1 de enero de 2023,28079,Madrid,15, Ciudad Lineal,152,PuebloNuevo,62840.0,28982.0,33858.0
1 de enero de 2023,28079,Madrid,15, Ciudad Lineal,153,Quintana,254690.0,11449.0,1402.0
1 de enero de 2023,28079,Madrid,15, Ciudad Lineal,154,Concepción,209410.0,9402.0,11539.0
1 de enero de 2023,28079,Madrid,15, Ciudad Lineal,155,SanPascual,183270.0,8349.0,9978.0
1 de enero de 2023,28079,Madrid,15, Ciudad Lineal,156,SanJuanBautista,124450.0,5813.0,6632.0
1 de enero de 2023,28079,Madrid,15, Ciudad Lineal,157,Colina,65690.0,2973.0,3596.0
1 de enero de 2023,28079,Madrid,15, Ciudad Lineal,158,Atalaya,16220.0,691.0,931.0
1 de enero de 2023,28079,Madrid,15, Ciudad Lineal,159,Costillares,219140.0,10232.0,11682.0
1 de enero de 2023,28079,Madrid,16, Hortaleza,161,Palomas,69220.0,3404.0,3518.0
1 de enero de 2023,28079,Madrid,16, Hortaleza,162,Piovera,150410.0,7211.0,783.0
1 de enero de 2023,28079,Madrid,16, Hortaleza,163,Canillas,397860.0,18485.0,21301.0
1 de enero de 2023,28079,Madrid,16, Hortaleza,164,PinardelRey,520310.0,23825.0,28206.0
1 de enero de 2023,28079,Madrid,16, Hortaleza,165,ApóstolSantiago,154350.0,7344.0,8091.0
1 de enero de 2023,28079,Madrid,16, Hortaleza,166,Valdefuentes,691760.0,33831.0,35345.0
1 de enero de 2023,28079,Madrid,17, Villaverde,171,VillaverdeAlto,,,
1 de enero de 2023,28079,Madrid,17, Villaverde,172,SanCristóbal,17270.0,8586.0,8684.0
1 de enero de 2023,28079,Madrid,17, Villaverde,173,Butarque,213160.0,10306.0,1101.0
1 de enero de 2023,28079,Madrid,17, Villaverde,174,LosRosales,378080.0,18121.0,19687.0
1 de enero de 2023,28079,Madrid,17, Villaverde,175,Ángeles,348270.0,16292.0,18535.0
1 de enero de 2023,28079,Madrid,18, Villa de Vallecas,181,CascoHistóricodeVallecas,404170.0,19413.0,21004.0
1 de enero de 2023,28079,Madrid,18, Villa de Vallecas,182,SantaEugenia,238760.0,11381.0,12495.0
1 de enero de 2023,28079,Madrid,18, Villa de Vallecas,183,EnsanchedeVallecas,532080.0,25932.0,27276.0
1 de enero de 2023,28079,Madrid,19, Vicálvaro,191,CascoHistóricodeVicálvaro,355190.0,17009.0,1851.0
1 de enero de 2023,28079,Madrid,19, Vicálvaro,192,Valdebernardo,174710.0,833.0,9141.0
1 de enero de 2023,28079,Madrid,19, Vicálvaro,193,Valderrivas,17760.0,8589.0,9171.0
1 de enero de 2023,28079,Madrid,19, Vicálvaro,194,ElCañaveral,130540.0,6652.0,6402.0
1 de enero de 2023,28079,Madrid,20, San Blas-Canillejas,201,Simancas,287650.0,1356.0,15205.0
1 de enero de 2023,28079,Madrid,20, San Blas-Canillejas,202,Hellín,95550.0,4375.0,518.0
1 de enero de 2023,28079,Madrid,20, San Blas-Canillejas,203,Amposta,91260.0,4258.0,4868.0
1 de enero de 2023,28079,Madrid,20, San Blas-Canillejas,204,Arcos,253540.0,11932.0,13422.0
1 de enero de 2023,28079,Madrid,20, San Blas-Canillejas,205,Rosas,307510.0,14727.0,16024.0
1 de enero de 2023,28079,Madrid,20, San Blas-Canillejas,206,Rejas,173990.0,8495.0,8904.0
1 de enero de 2023,28079,Madrid,20, San Blas-Canillejas,207,Canillejas,290670.0,13528.0,15539.0
1 de enero de 2023,28079,Madrid,20, San Blas-Canillejas,208,ElSalvador,112020.0,5279.0,5923.0
1 de enero de 2023,28079,Madrid,21, Barajas,211,AlamedadeOsuna,196850.0,9397.0,10288.0
1 de enero de 2023,28079,Madrid,21, Barajas,212,Aeropuerto,19020.0,965.0,937.0
1 de enero de 2023,28079,Madrid,21, Barajas,213,CascoHistóricodeBarajas,73840.0,3519.0,3865.0
1 de enero de 2023,28079,Madrid,21, Barajas,214,Timón,120490.0,5702.0,6347.0
1 de enero de 2023,28079,Madrid,21, Barajas,215,Corralejos,76260.0,3749.0,3877.0
1 de enero de 2022,28079,Madrid,1, Centro,1, Centro,1396820.0,70986.0,68696.0
1 de enero de 2022,28079,Madrid,2, Arganzuela,2, Arganzuela,1526380.0,71466.0,81172.0
1 de enero de 2022,28079,Madrid,3, Retiro,3, Retiro,1176720.0,53445.0,64227.0
1 de enero de 2022,28079,Madrid,4, Salamanca,4, Salamanca,1454570.0,64343.0,81114.0
1 de enero de 2022,28079,Madrid,5, Chamartín,5, Chamartín,1443710.0,6508.0,79291.0
1 de enero de 2022,28079,Madrid,6, Tetuán,6, Tetuán,1574330.0,71636.0,85797.0
1 de enero de 2022,28079,Madrid,7, Chamberí,7, Chamberí,1372870.0,60867.0,7642.0
1 de enero de 2022,28079,Madrid,8, Fuencarral-El Pardo,8, Fuencarral-El Pardo,2462810.0,115955.0,130326.0
1 de enero de 2022,28079,Madrid,9, Moncloa-Aravaca,9, Moncloa-Aravaca,120360.0,55501.0,64859.0
1 de enero de 2022,28079,Madrid,10, Latina,10, Latina,2370480.0,109928.0,12712.0
1 de enero de 2022,28079,Madrid,11, Carabanchel,11, Carabanchel,2555140.0,119381.0,136133.0
1 de enero de 2022,28079,Madrid,12, Usera,12, Usera,1408080.0,66532.0,74276.0
1 de enero de 2022,28079,Madrid,13, Puente de Vallecas,13, Puente de Vallecas,2356380.0,111748.0,12389.0
1 de enero de 2022,28079,Madrid,14, Moratalaz,14, Moratalaz,92390.0,42095.0,50295.0
1 de enero de 2022,28079,Madrid,15, Ciudad Lineal,15, Ciudad Lineal,2139050.0,97357.0,116548.0
1 de enero de 2022,28079,Madrid,16, Hortaleza,16, Hortaleza,1950170.0,92532.0,102485.0
1 de enero de 2022,28079,Madrid,17, Villaverde,17, Villaverde,1538290.0,73598.0,80231.0
1 de enero de 2022,28079,Madrid,18, Villa de Vallecas,18, Villa de Vallecas,1148170.0,5558.0,59237.0
1 de enero de 2022,28079,Madrid,19, Vicálvaro,19, Vicálvaro,793280.0,38437.0,40891.0
1 de enero de 2022,28079,Madrid,20, San Blas-Canillejas,20, San Blas-Canillejas,1587830.0,75082.0,83701.0
1 de enero de 2022,28079,Madrid,21, Barajas,21, Barajas,484040.0,23275.0,25129.0
1 de enero de 2022,28079,Madrid,1, Centro,11,Palacio,234170.0,11568.0,11849.0
1 de enero de 2022,28079,Madrid,1, Centro,12,Embajadores,464440.0,24271.0,22173.0
1 de enero de 2022,28079,Madrid,1, Centro,13,Cortes,108280.0,5345.0,5483.0
1 de enero de 2022,28079,Madrid,1, Centro,14,Justicia,180150.0,9221.0,8794.0
1 de enero de 2022,28079,Madrid,1, Centro,15,Universidad,328610.0,16349.0,16512.0
1 de enero de 2022,28079,Madrid,1, Centro,16,Sol,81170.0,4232.0,3885.0
1 de enero de 2022,28079,Madrid,2, Arganzuela,21,Imperial,224560.0,10436.0,1202.0
1 de enero de 2022,28079,Madrid,2, Arganzuela,22,Acacias,360380.0,16635.0,19403.0
1 de enero de 2022,28079,Madrid,2, Arganzuela,23,Chopera,197340.0,8994.0,1074.0
1 de enero de 2022,28079,Madrid,2, Arganzuela,24,Legazpi,194690.0,9543.0,9926.0
1 de enero de 2022,28079,Madrid,2, Arganzuela,25,Delicias,282430.0,13296.0,14947.0
1 de enero de 2022,28079,Madrid,2, Arganzuela,26,PalosdeMoguer,250780.0,11766.0,13312.0
1 de enero de 2022,28079,Madrid,2, Arganzuela,27,Atocha,1620.0,796.0,824.0
1 de enero de 2022,28079,Madrid,3, Retiro,31,Pacífico,327450.0,14613.0,18132.0
1 de enero de 2022,28079,Madrid,3, Retiro,32,Adelfas,187150.0,8675.0,1004.0
1 de enero de 2022,28079,Madrid,3, Retiro,33,Estrella,22780.0,10514.0,12266.0
1 de enero de 2022,28079,Madrid,3, Retiro,34,Ibiza,213770.0,9541.0,11836.0
1 de enero de 2022,28079,Madrid,3, Retiro,35,LosJerónimos,69260.0,3237.0,3689.0
1 de enero de 2022,28079,Madrid,3, Retiro,36,NiñoJesús,151290.0,6865.0,8264.0
1 de enero de 2022,28079,Madrid,4, Salamanca,41,Recoletos,156470.0,7044.0,8603.0
1 de enero de 2022,28079,Madrid,4, Salamanca,42,Goya,294410.0,1284.0,16601.0
1 de enero de 2022,28079,Madrid,4, Salamanca,43,FuentedelBerro,208480.0,9087.0,11761.0
1 de enero de 2022,28079,Madrid,4, Salamanca,44,Guindalera,417210.0,18925.0,22796.0
1 de enero de 2022,28079,Madrid,4, Salamanca,45,Lista,207850.0,8997.0,11788.0
1 de enero de 2022,28079,Madrid,4, Salamanca,46,Castellana,170150.0,745.0,9565.0
1 de enero de 2022,28079,Madrid,5, Chamartín,51,ElViso,171810.0,7767.0,9414.0
1 de enero de 2022,28079,Madrid,5, Chamartín,52,Prosperidad,359630.0,1607.0,19893.0
1 de enero de 2022,28079,Madrid,5, Chamartín,53,CiudadJardín,18410.0,8181.0,10229.0
1 de enero de 2022,28079,Madrid,5, Chamartín,54,Hispanoamérica,314630.0,14188.0,17275.0
1 de enero de 2022,28079,Madrid,5, Chamartín,55,NuevaEspaña,243660.0,11015.0,13351.0
1 de enero de 2022,28079,Madrid,5, Chamartín,56,Castilla,169880.0,7859.0,9129.0
1 de enero de 2022,28079,Madrid,6, Tetuán,61,BellasVistas,289950.0,13231.0,15764.0
1 de enero de 2022,28079,Madrid,6, Tetuán,62,CuatroCaminos,344710.0,15436.0,19035.0
1 de enero de 2022,28079,Madrid,6, Tetuán,63,Castillejos,202820.0,9097.0,11185.0
1 de enero de 2022,28079,Madrid,6, Tetuán,64,Almenara,225940.0,10391.0,12203.0
1 de enero de 2022,28079,Madrid,6, Tetuán,65,Valdeacederas,26140.0,12277.0,13863.0
1 de enero de 2022,28079,Madrid,6, Tetuán,66,Berruguete,249510.0,11204.0,13747.0
1 de enero de 2022,28079,Madrid,7, Chamberí,71,Gaztambide,226590.0,10058.0,12601.0
1 de enero de 2022,28079,Madrid,7, Chamberí,72,Arapiles,239720.0,1077.0,13202.0
1 de enero de 2022,28079,Madrid,7, Chamberí,73,Trafalgar,244950.0,11063.0,13432.0
1 de enero de 2022,28079,Madrid,7, Chamberí,74,Almagro,193580.0,8557.0,10801.0
1 de enero de 2022,28079,Madrid,7, Chamberí,75,RíosRosas,269010.0,11798.0,15103.0
1 de enero de 2022,28079,Madrid,7, Chamberí,76,Vallehermoso,199020.0,8621.0,11281.0
1 de enero de 2022,28079,Madrid,8, Fuencarral-El Pardo,81,ElPardo,33820.0,1683.0,1699.0
1 de enero de 2022,28079,Madrid,8, Fuencarral-El Pardo,82,Fuentelarreina,33460.0,1513.0,1833.0
1 de enero de 2022,28079,Madrid,8, Fuencarral-El Pardo,83,Peñagrande,438870.0,20379.0,23508.0
1 de enero de 2022,28079,Madrid,8, Fuencarral-El Pardo,84,Pilar,453540.0,20645.0,24709.0
1 de enero de 2022,28079,Madrid,8, Fuencarral-El Pardo,85,LaPaz,323460.0,15059.0,17287.0
1 de enero de 2022,28079,Madrid,8, Fuencarral-El Pardo,86,Valverde,636510.0,30328.0,33323.0
1 de enero de 2022,28079,Madrid,8, Fuencarral-El Pardo,87,Mirasierra,35240.0,1692.0,1832.0
1 de enero de 2022,28079,Madrid,8, Fuencarral-El Pardo,88,ElGoloso,190750.0,9428.0,9647.0
1 de enero de 2022,28079,Madrid,9, Moncloa-Aravaca,91,CasadeCampo,128040.0,5929.0,6875.0
1 de enero de 2022,28079,Madrid,9, Moncloa-Aravaca,92,Argüelles,241650.0,11035.0,1313.0
1 de enero de 2022,28079,Madrid,9, Moncloa-Aravaca,93,CiudadUniversitaria,16220.0,7489.0,8731.0
1 de enero de 2022,28079,Madrid,9, Moncloa-Aravaca,94,Valdezarza,298020.0,13602.0,162.0
1 de enero de 2022,28079,Madrid,9, Moncloa-Aravaca,95,Valdemarín,70480.0,3283.0,3765.0
1 de enero de 2022,28079,Madrid,9, Moncloa-Aravaca,96,ElPlantío,29980.0,1384.0,1614.0
1 de enero de 2022,28079,Madrid,9, Moncloa-Aravaca,97,Aravaca,273230.0,12779.0,14544.0
1 de enero de 2022,28079,Madrid,10, Latina,101,LosCármenes,175430.0,8302.0,9241.0
1 de enero de 2022,28079,Madrid,10, Latina,102,PuertadelÁngel,414010.0,19113.0,22288.0
1 de enero de 2022,28079,Madrid,10, Latina,103,Lucero,360620.0,16887.0,19175.0
1 de enero de 2022,28079,Madrid,10, Latina,104,Aluche,658330.0,30086.0,35747.0
1 de enero de 2022,28079,Madrid,10, Latina,105,Campamento,193370.0,897.0,10367.0
1 de enero de 2022,28079,Madrid,10, Latina,106,CuatroVientos,59660.0,2996.0,297.0
1 de enero de 2022,28079,Madrid,10, Latina,107,Águilas,509060.0,23574.0,27332.0
1 de enero de 2022,28079,Madrid,11, Carabanchel,111,Comillas,222140.0,1023.0,11984.0
1 de enero de 2022,28079,Madrid,11, Carabanchel,112,Opañel,3330.0,15283.0,18017.0
1 de enero de 2022,28079,Madrid,11, Carabanchel,113,SanIsidro,393910.0,185.0,20891.0
1 de enero de 2022,28079,Madrid,11, Carabanchel,114,VistaAlegre,464740.0,21208.0,25266.0
1 de enero de 2022,28079,Madrid,11, Carabanchel,115,PuertaBonita,353950.0,16647.0,18748.0
1 de enero de 2022,28079,Madrid,11, Carabanchel,116,Buenavista,478150.0,23152.0,24663.0
1 de enero de 2022,28079,Madrid,11, Carabanchel,117,Abrantes,309250.0,14361.0,16564.0
1 de enero de 2022,28079,Madrid,12, Usera,121,Orcasitas,229960.0,10827.0,12169.0
1 de enero de 2022,28079,Madrid,12, Usera,122,Orcasur,14250.0,6915.0,7335.0
1 de enero de 2022,28079,Madrid,12, Usera,123,SanFermín,23460.0,11185.0,12275.0
1 de enero de 2022,28079,Madrid,12, Usera,124,Almendrales,224990.0,10522.0,11977.0
1 de enero de 2022,28079,Madrid,12, Usera,125,Moscardó,261390.0,12293.0,13846.0
1 de enero de 2022,28079,Madrid,12, Usera,126,Zofío,140220.0,6571.0,7451.0
1 de enero de 2022,28079,Madrid,12, Usera,127,Pradolongo,174420.0,8219.0,9223.0
1 de enero de 2022,28079,Madrid,13, Puente de Vallecas,131,Entrevías,34690.0,16591.0,18099.0
1 de enero de 2022,28079,Madrid,13, Puente de Vallecas,132,SanDiego,42910.0,20534.0,22376.0
1 de enero de 2022,28079,Madrid,13, Puente de Vallecas,133,PalomerasBajas,399350.0,18722.0,21213.0
1 de enero de 2022,28079,Madrid,13, Puente de Vallecas,134,PalomerasSureste,42540.0,20218.0,22322.0
1 de enero de 2022,28079,Madrid,13, Puente de Vallecas,135,Portazgo,282490.0,1331.0,14939.0
1 de enero de 2022,28079,Madrid,13, Puente de Vallecas,136,Numancia,473140.0,22373.0,24941.0
1 de enero de 2022,28079,Madrid,14, Moratalaz,141,Pavones,87190.0,3968.0,4751.0
1 de enero de 2022,28079,Madrid,14, Moratalaz,142,Horcajo,63540.0,3057.0,3297.0
1 de enero de 2022,28079,Madrid,14, Moratalaz,143,Marroquina,262970.0,12113.0,14184.0
1 de enero de 2022,28079,Madrid,14, Moratalaz,144,MediaLegua,173770.0,7845.0,9532.0
1 de enero de 2022,28079,Madrid,14, Moratalaz,145,Fontarrón,170440.0,7746.0,9298.0
1 de enero de 2022,28079,Madrid,14, Moratalaz,146,Vinateros,165990.0,7366.0,9233.0
1 de enero de 2022,28079,Madrid,15, Ciudad Lineal,151,Ventas,478010.0,215.0,26301.0
1 de enero de 2022,28079,Madrid,15, Ciudad Lineal,152,PuebloNuevo,619350.0,28582.0,33353.0
1 de enero de 2022,28079,Madrid,15, Ciudad Lineal,153,Quintana,241830.0,10748.0,13435.0
1 de enero de 2022,28079,Madrid,15, Ciudad Lineal,154,Concepción,20440.0,9122.0,11318.0
1 de enero de 2022,28079,Madrid,15, Ciudad Lineal,155,SanPascual,175460.0,7914.0,9632.0
1 de enero de 2022,28079,Madrid,15, Ciudad Lineal,156,SanJuanBautista,122870.0,5731.0,6556.0
1 de enero de 2022,28079,Madrid,15, Ciudad Lineal,157,Colina,63380.0,2865.0,3473.0
1 de enero de 2022,28079,Madrid,15, Ciudad Lineal,158,Atalaya,16070.0,696.0,911.0
1 de enero de 2022,28079,Madrid,15, Ciudad Lineal,159,Costillares,217680.0,10199.0,11569.0
1 de enero de 2022,28079,Madrid,16, Hortaleza,161,Palomas,69330.0,3387.0,3546.0
1 de enero de 2022,28079,Madrid,16, Hortaleza,162,Piovera,149480.0,716.0,7788.0
1 de enero de 2022,28079,Madrid,16, Hortaleza,163,Canillas,397080.0,18425.0,21283.0
1 de enero de 2022,28079,Madrid,16, Hortaleza,164,PinardelRey,518440.0,23784.0,2806.0
1 de enero de 2022,28079,Madrid,16, Hortaleza,165,ApóstolSantiago,153740.0,7343.0,8031.0
1 de enero de 2022,28079,Madrid,16, Hortaleza,166,Valdefuentes,66210.0,32433.0,33777.0
1 de enero de 2022,28079,Madrid,17, Villaverde,171,VillaverdeAlto,,,
1 de enero de 2022,28079,Madrid,17, Villaverde,172,SanCristóbal,16640.0,8223.0,8417.0
1 de enero de 2022,28079,Madrid,17, Villaverde,173,Butarque,208130.0,10087.0,10726.0
1 de enero de 2022,28079,Madrid,17, Villaverde,174,LosRosales,373190.0,17918.0,19401.0
1 de enero de 2022,28079,Madrid,17, Villaverde,175,Ángeles,329010.0,15357.0,17544.0
1 de enero de 2022,28079,Madrid,18, Villa de Vallecas,181,CascoHistóricodeVallecas,395780.0,18971.0,20607.0
1 de enero de 2022,28079,Madrid,18, Villa de Vallecas,182,SantaEugenia,24110.0,11515.0,12595.0
1 de enero de 2022,28079,Madrid,18, Villa de Vallecas,183,EnsanchedeVallecas,511290.0,25094.0,26035.0
1 de enero de 2022,28079,Madrid,19, Vicálvaro,191,CascoHistóricodeVicálvaro,350860.0,16925.0,18161.0
1 de enero de 2022,28079,Madrid,19, Vicálvaro,192,Valdebernardo,174310.0,8321.0,911.0
1 de enero de 2022,28079,Madrid,19, Vicálvaro,193,Valderrivas,178670.0,8666.0,9201.0
1 de enero de 2022,28079,Madrid,19, Vicálvaro,194,ElCañaveral,89440.0,4525.0,4419.0
1 de enero de 2022,28079,Madrid,20, San Blas-Canillejas,201,Simancas,281710.0,1329.0,14881.0
1 de enero de 2022,28079,Madrid,20, San Blas-Canillejas,202,Hellín,92740.0,4271.0,5003.0
1 de enero de 2022,28079,Madrid,20, San Blas-Canillejas,203,Amposta,8710.0,4062.0,4648.0
1 de enero de 2022,28079,Madrid,20, San Blas-Canillejas,204,Arcos,24960.0,11724.0,13236.0
1 de enero de 2022,28079,Madrid,20, San Blas-Canillejas,205,Rosas,308870.0,1484.0,16047.0
1 de enero de 2022,28079,Madrid,20, San Blas-Canillejas,206,Rejas,169710.0,827.0,8701.0
1 de enero de 2022,28079,Madrid,20, San Blas-Canillejas,207,Canillejas,285410.0,13318.0,15223.0
1 de enero de 2022,28079,Madrid,20, San Blas-Canillejas,208,ElSalvador,112690.0,5307.0,5962.0
1 de enero de 2022,28079,Madrid,21, Barajas,211,AlamedadeOsuna,196620.0,9412.0,1025.0
1 de enero de 2022,28079,Madrid,21, Barajas,212,Aeropuerto,18950.0,967.0,928.0
1 de enero de 2022,28079,Madrid,21, Barajas,213,CascoHistóricodeBarajas,73510.0,3531.0,382.0
1 de enero de 2022,28079,Madrid,21, Barajas,214,Timón,118950.0,5622.0,6273.0
1 de enero de 2022,28079,Madrid,21, Barajas,215,Corralejos,76010.0,3743.0,3858.0
1 de enero de 2021,28079,Madrid,1, Centro,1,Centro,1412360.0,71881.0,69355.0
1 de enero de 2021,28079,Madrid,2, Arganzuela,2,Arganzuela,1542430.0,72.0,82243.0
1 de enero de 2021,28079,Madrid,3, Retiro,3,Retiro,1185570.0,538.0,64757.0
1 de enero de 2021,28079,Madrid,4, Salamanca,4,Salamanca,1460160.0,6454.0,81476.0
1 de enero de 2021,28079,Madrid,5, Chamartín,5,Chamartín,14570.0,65599.0,80101.0
1 de enero de 2021,28079,Madrid,6, Tetuán,6,Tetuán,1598490.0,72752.0,87097.0
1 de enero de 2021,28079,Madrid,7, Chamberí,7,Chamberí,1386670.0,61313.0,77354.0
1 de enero de 2021,28079,Madrid,8, Fuencarral-El Pardo,8,Fuencarral-ElPardo,2476920.0,11652.0,131172.0
1 de enero de 2021,28079,Madrid,9, Moncloa-Aravaca,9,Moncloa-Aravaca,1208340.0,55588.0,65246.0
1 de enero de 2021,28079,Madrid,10, Latina,10,Latina,2401550.0,111209.0,128946.0
1 de enero de 2021,28079,Madrid,11, Carabanchel,11,Carabanchel,2586330.0,1206.0,138033.0
1 de enero de 2021,28079,Madrid,12, Usera,12,Usera,1424540.0,6723.0,75224.0
1 de enero de 2021,28079,Madrid,13, Puente de Vallecas,13,PuentedeVallecas,2390570.0,113355.0,125702.0
1 de enero de 2021,28079,Madrid,14, Moratalaz,14,Moratalaz,93810.0,42662.0,51148.0
1 de enero de 2021,28079,Madrid,15, Ciudad Lineal,15,CiudadLineal,2168180.0,98514.0,118304.0
1 de enero de 2021,28079,Madrid,16, Hortaleza,16,Hortaleza,1932280.0,91585.0,101643.0
1 de enero de 2021,28079,Madrid,17, Villaverde,17,Villaverde,1548080.0,73947.0,80861.0
1 de enero de 2021,28079,Madrid,18, Villa de Vallecas,18,VilladeVallecas,1147330.0,55606.0,59127.0
1 de enero de 2021,28079,Madrid,19, Vicálvaro,19,Vicálvaro,754850.0,36497.0,38988.0
1 de enero de 2021,28079,Madrid,20, San Blas-Canillejas,20,SanBlas-Canillejas,1602580.0,75788.0,8447.0
1 de enero de 2021,28079,Madrid,21, Barajas,21,Barajas,500770.0,24171.0,25906.0
1 de enero de 2021,28079,Madrid,1, Centro,11,Palacio,235840.0,11632.0,11952.0
1 de enero de 2021,28079,Madrid,1, Centro,12,Embajadores,472380.0,24767.0,22471.0
1 de enero de 2021,28079,Madrid,1, Centro,13,Cortes,107870.0,5379.0,5408.0
1 de enero de 2021,28079,Madrid,1, Centro,14,Justicia,182080.0,9291.0,8917.0
1 de enero de 2021,28079,Madrid,1, Centro,15,Universidad,334260.0,16692.0,16734.0
1 de enero de 2021,28079,Madrid,1, Centro,16,Sol,79930.0,412.0,3873.0
1 de enero de 2021,28079,Madrid,2, Arganzuela,21,Imperial,225960.0,10446.0,1215.0
1 de enero de 2021,28079,Madrid,2, Arganzuela,22,Acacias,363950.0,16741.0,19654.0
1 de enero de 2021,28079,Madrid,2, Arganzuela,23,Chopera,200770.0,9118.0,10959.0
1 de enero de 2021,28079,Madrid,2, Arganzuela,24,Legazpi,195720.0,9574.0,9998.0
1 de enero de 2021,28079,Madrid,2, Arganzuela,25,Delicias,283740.0,13352.0,15022.0
1 de enero de 2021,28079,Madrid,2, Arganzuela,26,PalosdeMoguer,257850.0,12059.0,13726.0
1 de enero de 2021,28079,Madrid,2, Arganzuela,27,Atocha,14440.0,710.0,734.0
1 de enero de 2021,28079,Madrid,3, Retiro,31,Pacífico,330670.0,14808.0,18259.0
1 de enero de 2021,28079,Madrid,3, Retiro,32,Adelfas,186530.0,861.0,10043.0
1 de enero de 2021,28079,Madrid,3, Retiro,33,Estrella,230510.0,10636.0,12415.0
1 de enero de 2021,28079,Madrid,3, Retiro,34,Ibiza,215580.0,9549.0,12009.0
1 de enero de 2021,28079,Madrid,3, Retiro,35,LosJerónimos,69280.0,3232.0,3696.0
1 de enero de 2021,28079,Madrid,3, Retiro,36,NiñoJesús,1530.0,6965.0,8335.0
1 de enero de 2021,28079,Madrid,4, Salamanca,41,Recoletos,156290.0,7048.0,8581.0
1 de enero de 2021,28079,Madrid,4, Salamanca,42,Goya,294790.0,1282.0,16659.0
1 de enero de 2021,28079,Madrid,4, Salamanca,43,FuentedelBerro,209630.0,9155.0,11808.0
1 de enero de 2021,28079,Madrid,4, Salamanca,44,Guindalera,419390.0,18991.0,22948.0
1 de enero de 2021,28079,Madrid,4, Salamanca,45,Lista,208640.0,9029.0,11835.0
1 de enero de 2021,28079,Madrid,4, Salamanca,46,Castellana,171420.0,7497.0,9645.0
1 de enero de 2021,28079,Madrid,5, Chamartín,51,ElViso,173490.0,7811.0,9538.0
1 de enero de 2021,28079,Madrid,5, Chamartín,52,Prosperidad,363030.0,16219.0,20084.0
1 de enero de 2021,28079,Madrid,5, Chamartín,53,CiudadJardín,186180.0,8306.0,10312.0
1 de enero de 2021,28079,Madrid,5, Chamartín,54,Hispanoamérica,316420.0,14214.0,17428.0
1 de enero de 2021,28079,Madrid,5, Chamartín,55,NuevaEspaña,246970.0,1115.0,13547.0
1 de enero de 2021,28079,Madrid,5, Chamartín,56,Castilla,170910.0,7899.0,9192.0
1 de enero de 2021,28079,Madrid,6, Tetuán,61,BellasVistas,294650.0,13461.0,16004.0
1 de enero de 2021,28079,Madrid,6, Tetuán,62,CuatroCaminos,348170.0,15717.0,191.0
1 de enero de 2021,28079,Madrid,6, Tetuán,63,Castillejos,205410.0,9217.0,11324.0
1 de enero de 2021,28079,Madrid,6, Tetuán,64,Almenara,227380.0,1047.0,12268.0
1 de enero de 2021,28079,Madrid,6, Tetuán,65,Valdeacederas,266250.0,12414.0,14211.0
1 de enero de 2021,28079,Madrid,6, Tetuán,66,Berruguete,256630.0,11473.0,1419.0
1 de enero de 2021,28079,Madrid,7, Chamberí,71,Gaztambide,229480.0,10106.0,12842.0
1 de enero de 2021,28079,Madrid,7, Chamberí,72,Arapiles,24260.0,10884.0,13376.0
1 de enero de 2021,28079,Madrid,7, Chamberí,73,Trafalgar,246280.0,11029.0,13599.0
1 de enero de 2021,28079,Madrid,7, Chamberí,74,Almagro,195460.0,8667.0,10879.0
1 de enero de 2021,28079,Madrid,7, Chamberí,75,RíosRosas,272160.0,11977.0,15239.0
1 de enero de 2021,28079,Madrid,7, Chamberí,76,Vallehermoso,200690.0,865.0,11419.0
1 de enero de 2021,28079,Madrid,8, Fuencarral-El Pardo,81,ElPardo,34430.0,1723.0,172.0
1 de enero de 2021,28079,Madrid,8, Fuencarral-El Pardo,82,Fuentelarreina,33560.0,1511.0,1845.0
1 de enero de 2021,28079,Madrid,8, Fuencarral-El Pardo,83,Peñagrande,443830.0,20584.0,23799.0
1 de enero de 2021,28079,Madrid,8, Fuencarral-El Pardo,84,Pilar,45970.0,20963.0,25007.0
1 de enero de 2021,28079,Madrid,8, Fuencarral-El Pardo,85,LaPaz,330050.0,15368.0,17637.0
1 de enero de 2021,28079,Madrid,8, Fuencarral-El Pardo,86,Valverde,640420.0,30504.0,33538.0
1 de enero de 2021,28079,Madrid,8, Fuencarral-El Pardo,87,Mirasierra,345650.0,1652.0,18045.0
1 de enero de 2021,28079,Madrid,8, Fuencarral-El Pardo,88,ElGoloso,189280.0,9347.0,9581.0
1 de enero de 2021,28079,Madrid,9, Moncloa-Aravaca,91,CasadeCampo,130660.0,6058.0,7008.0
1 de enero de 2021,28079,Madrid,9, Moncloa-Aravaca,92,Argüelles,241620.0,10974.0,13188.0
1 de enero de 2021,28079,Madrid,9, Moncloa-Aravaca,93,CiudadUniversitaria,161750.0,7417.0,8758.0
1 de enero de 2021,28079,Madrid,9, Moncloa-Aravaca,94,Valdezarza,300910.0,13744.0,16347.0
1 de enero de 2021,28079,Madrid,9, Moncloa-Aravaca,95,Valdemarín,68560.0,3163.0,3693.0
1 de enero de 2021,28079,Madrid,9, Moncloa-Aravaca,96,ElPlantío,29160.0,1336.0,158.0
1 de enero de 2021,28079,Madrid,9, Moncloa-Aravaca,97,Aravaca,275680.0,12896.0,14672.0
1 de enero de 2021,28079,Madrid,10, Latina,101,LosCármenes,175770.0,8338.0,9239.0
1 de enero de 2021,28079,Madrid,10, Latina,102,PuertadelÁngel,419820.0,19344.0,22638.0
1 de enero de 2021,28079,Madrid,10, Latina,103,Lucero,365760.0,17056.0,1952.0
1 de enero de 2021,28079,Madrid,10, Latina,104,Aluche,669680.0,30626.0,36342.0
1 de enero de 2021,28079,Madrid,10, Latina,105,Campamento,195790.0,9029.0,1055.0
1 de enero de 2021,28079,Madrid,10, Latina,106,CuatroVientos,58740.0,2926.0,2948.0
1 de enero de 2021,28079,Madrid,10, Latina,107,Águilas,515990.0,2389.0,27709.0
1 de enero de 2021,28079,Madrid,11, Carabanchel,111,Comillas,226950.0,10471.0,12224.0
1 de enero de 2021,28079,Madrid,11, Carabanchel,112,Opañel,336560.0,15385.0,18271.0
1 de enero de 2021,28079,Madrid,11, Carabanchel,113,SanIsidro,397280.0,18584.0,21144.0
1 de enero de 2021,28079,Madrid,11, Carabanchel,114,VistaAlegre,470820.0,2144.0,25642.0
1 de enero de 2021,28079,Madrid,11, Carabanchel,115,PuertaBonita,359470.0,16868.0,19079.0
1 de enero de 2021,28079,Madrid,11, Carabanchel,116,Buenavista,480080.0,23176.0,24832.0
1 de enero de 2021,28079,Madrid,11, Carabanchel,117,Abrantes,315170.0,14676.0,16841.0
1 de enero de 2021,28079,Madrid,12, Usera,121,Orcasitas,230950.0,1088.0,12215.0
1 de enero de 2021,28079,Madrid,12, Usera,122,Orcasur,141410.0,6842.0,7299.0
1 de enero de 2021,28079,Madrid,12, Usera,123,SanFermín,238380.0,11382.0,12456.0
1 de enero de 2021,28079,Madrid,12, Usera,124,Almendrales,225160.0,10543.0,11973.0
1 de enero de 2021,28079,Madrid,12, Usera,125,Moscardó,266230.0,12435.0,14188.0
1 de enero de 2021,28079,Madrid,12, Usera,126,Zofío,143360.0,6733.0,7603.0
1 de enero de 2021,28079,Madrid,12, Usera,127,Pradolongo,179050.0,8415.0,949.0
1 de enero de 2021,28079,Madrid,13, Puente de Vallecas,131,Entrevías,352390.0,16925.0,18314.0
1 de enero de 2021,28079,Madrid,13, Puente de Vallecas,132,SanDiego,435740.0,20793.0,22781.0
1 de enero de 2021,28079,Madrid,13, Puente de Vallecas,133,PalomerasBajas,404680.0,18959.0,21509.0
1 de enero de 2021,28079,Madrid,13, Puente de Vallecas,134,PalomerasSureste,429240.0,20429.0,22495.0
1 de enero de 2021,28079,Madrid,13, Puente de Vallecas,135,Portazgo,287360.0,13508.0,15228.0
1 de enero de 2021,28079,Madrid,13, Puente de Vallecas,136,Numancia,481160.0,22741.0,25375.0
1 de enero de 2021,28079,Madrid,14, Moratalaz,141,Pavones,89720.0,4081.0,4891.0
1 de enero de 2021,28079,Madrid,14, Moratalaz,142,Horcajo,63710.0,3045.0,3326.0
1 de enero de 2021,28079,Madrid,14, Moratalaz,143,Marroquina,266580.0,12289.0,14369.0
1 de enero de 2021,28079,Madrid,14, Moratalaz,144,MediaLegua,17660.0,7992.0,9668.0
1 de enero de 2021,28079,Madrid,14, Moratalaz,145,Fontarrón,17290.0,7841.0,9449.0
1 de enero de 2021,28079,Madrid,14, Moratalaz,146,Vinateros,168590.0,7414.0,9445.0
1 de enero de 2021,28079,Madrid,15, Ciudad Lineal,151,Ventas,484110.0,21721.0,2669.0
1 de enero de 2021,28079,Madrid,15, Ciudad Lineal,152,PuebloNuevo,627310.0,28931.0,338.0
1 de enero de 2021,28079,Madrid,15, Ciudad Lineal,153,Quintana,246210.0,10931.0,1369.0
1 de enero de 2021,28079,Madrid,15, Ciudad Lineal,154,Concepción,207270.0,9205.0,11522.0
1 de enero de 2021,28079,Madrid,15, Ciudad Lineal,155,SanPascual,178230.0,8017.0,9806.0
1 de enero de 2021,28079,Madrid,15, Ciudad Lineal,156,SanJuanBautista,124840.0,5828.0,6656.0
1 de enero de 2021,28079,Madrid,15, Ciudad Lineal,157,Colina,63670.0,2857.0,351.0
1 de enero de 2021,28079,Madrid,15, Ciudad Lineal,158,Atalaya,1580.0,687.0,893.0
1 de enero de 2021,28079,Madrid,15, Ciudad Lineal,159,Costillares,220740.0,10337.0,11737.0
1 de enero de 2021,28079,Madrid,16, Hortaleza,161,Palomas,68910.0,336.0,3531.0
1 de enero de 2021,28079,Madrid,16, Hortaleza,162,Piovera,148350.0,7049.0,7786.0
1 de enero de 2021,28079,Madrid,16, Hortaleza,163,Canillas,402810.0,18757.0,21524.0
1 de enero de 2021,28079,Madrid,16, Hortaleza,164,PinardelRey,524940.0,24116.0,28378.0
1 de enero de 2021,28079,Madrid,16, Hortaleza,165,ApóstolSantiago,154730.0,7338.0,8135.0
1 de enero de 2021,28079,Madrid,16, Hortaleza,166,Valdefuentes,632540.0,30965.0,32289.0
1 de enero de 2021,28079,Madrid,17, Villaverde,171,VillaverdeAlto,,,
1 de enero de 2021,28079,Madrid,17, Villaverde,172,SanCristóbal,169860.0,8345.0,8641.0
1 de enero de 2021,28079,Madrid,17, Villaverde,173,Butarque,207220.0,10048.0,10674.0
1 de enero de 2021,28079,Madrid,17, Villaverde,174,LosRosales,37790.0,18145.0,19645.0
1 de enero de 2021,28079,Madrid,17, Villaverde,175,Ángeles,326730.0,15229.0,17444.0
1 de enero de 2021,28079,Madrid,18, Villa de Vallecas,181,CascoHistóricodeVallecas,402410.0,19284.0,20957.0
1 de enero de 2021,28079,Madrid,18, Villa de Vallecas,182,SantaEugenia,242880.0,11635.0,12653.0
1 de enero de 2021,28079,Madrid,18, Villa de Vallecas,183,EnsanchedeVallecas,502040.0,24687.0,25517.0
1 de enero de 2021,28079,Madrid,19, Vicálvaro,191,CascoHistóricodeVicálvaro,355480.0,17141.0,18407.0
1 de enero de 2021,28079,Madrid,19, Vicálvaro,192,Valdebernardo,175460.0,835.0,9196.0
1 de enero de 2021,28079,Madrid,19, Vicálvaro,193,Valderrivas,179610.0,8752.0,9209.0
1 de enero de 2021,28079,Madrid,19, Vicálvaro,194,ElCañaveral,4430.0,2254.0,2176.0
1 de enero de 2021,28079,Madrid,20, San Blas-Canillejas,201,Simancas,284510.0,1346.0,14991.0
1 de enero de 2021,28079,Madrid,20, San Blas-Canillejas,202,Hellín,93590.0,43.0,5059.0
1 de enero de 2021,28079,Madrid,20, San Blas-Canillejas,203,Amposta,88850.0,4091.0,4794.0
1 de enero de 2021,28079,Madrid,20, San Blas-Canillejas,204,Arcos,246420.0,1161.0,13032.0
1 de enero de 2021,28079,Madrid,20, San Blas-Canillejas,205,Rosas,315340.0,15121.0,16413.0
1 de enero de 2021,28079,Madrid,20, San Blas-Canillejas,206,Rejas,170980.0,8284.0,8814.0
1 de enero de 2021,28079,Madrid,20, San Blas-Canillejas,207,Canillejas,289250.0,13556.0,15369.0
1 de enero de 2021,28079,Madrid,20, San Blas-Canillejas,208,ElSalvador,113640.0,5366.0,5998.0
1 de enero de 2021,28079,Madrid,21, Barajas,211,AlamedadeOsuna,196570.0,943.0,10227.0
1 de enero de 2021,28079,Madrid,21, Barajas,212,Aeropuerto,19180.0,988.0,930.0
1 de enero de 2021,28079,Madrid,21, Barajas,213,CascoHistóricodeBarajas,75040.0,3593.0,3911.0
1 de enero de 2021,28079,Madrid,21, Barajas,214,Timón,133340.0,6379.0,6955.0
1 de enero de 2021,28079,Madrid,21, Barajas,215,Corralejos,76640.0,3781.0,3883.0
1 de enero de 2020,28079,Madrid,1, Centro,1,Centro,1404730.0,71127.0,69346.0
1 de enero de 2020,28079,Madrid,2, Arganzuela,2,Arganzuela,155660.0,726.0,8306.0
1 de enero de 2020,28079,Madrid,3, Retiro,3,Retiro,1204060.0,54517.0,65889.0
1 de enero de 2020,28079,Madrid,4, Salamanca,4,Salamanca,1478540.0,6522.0,82634.0
1 de enero de 2020,28079,Madrid,5, Chamartín,5,Chamartín,1475510.0,66424.0,81127.0
1 de enero de 2020,28079,Madrid,6, Tetuán,6,Tetuán,1613130.0,73358.0,87955.0
1 de enero de 2020,28079,Madrid,7, Chamberí,7,Chamberí,1408660.0,62136.0,7873.0
1 de enero de 2020,28079,Madrid,8, Fuencarral-El Pardo,8,Fuencarral-ElPardo,2499730.0,11764.0,132333.0
1 de enero de 2020,28079,Madrid,9, Moncloa-Aravaca,9,Moncloa-Aravaca,1216830.0,55975.0,65708.0
1 de enero de 2020,28079,Madrid,10, Latina,10,Latina,2421390.0,112282.0,129857.0
1 de enero de 2020,28079,Madrid,11, Carabanchel,11,Carabanchel,2601960.0,121317.0,138879.0
1 de enero de 2020,28079,Madrid,12, Usera,12,Usera,1428940.0,67346.0,75548.0
1 de enero de 2020,28079,Madrid,13, Puente de Vallecas,13,PuentedeVallecas,2408670.0,114235.0,126632.0
1 de enero de 2020,28079,Madrid,14, Moratalaz,14,Moratalaz,956140.0,43585.0,52029.0
1 de enero de 2020,28079,Madrid,15, Ciudad Lineal,15,CiudadLineal,2198670.0,99966.0,119901.0
1 de enero de 2020,28079,Madrid,16, Hortaleza,16,Hortaleza,1932640.0,91659.0,101605.0
1 de enero de 2020,28079,Madrid,17, Villaverde,17,Villaverde,1543180.0,73639.0,80679.0
1 de enero de 2020,28079,Madrid,18, Villa de Vallecas,18,VilladeVallecas,1145120.0,5551.0,59002.0
1 de enero de 2020,28079,Madrid,19, Vicálvaro,19,Vicálvaro,740480.0,35795.0,38253.0
1 de enero de 2020,28079,Madrid,20, San Blas-Canillejas,20,SanBlas-Canillejas,1612220.0,76252.0,8497.0
1 de enero de 2020,28079,Madrid,21, Barajas,21,Barajas,50010.0,24149.0,25861.0
1 de enero de 2020,28079,Madrid,1, Centro,11,Palacio,235930.0,11628.0,11965.0
1 de enero de 2020,28079,Madrid,1, Centro,12,Embajadores,470480.0,24497.0,22551.0
1 de enero de 2020,28079,Madrid,1, Centro,13,Cortes,107710.0,5365.0,5406.0
1 de enero de 2020,28079,Madrid,1, Centro,14,Justicia,180210.0,9161.0,886.0
1 de enero de 2020,28079,Madrid,1, Centro,15,Universidad,334180.0,16581.0,16837.0
1 de enero de 2020,28079,Madrid,1, Centro,16,Sol,76220.0,3895.0,3727.0
1 de enero de 2020,28079,Madrid,2, Arganzuela,21,Imperial,229080.0,10593.0,12315.0
1 de enero de 2020,28079,Madrid,2, Arganzuela,22,Acacias,369220.0,17045.0,19877.0
1 de enero de 2020,28079,Madrid,2, Arganzuela,23,Chopera,202870.0,9199.0,11088.0
1 de enero de 2020,28079,Madrid,2, Arganzuela,24,Legazpi,19810.0,9671.0,10139.0
1 de enero de 2020,28079,Madrid,2, Arganzuela,25,Delicias,282330.0,13216.0,15017.0
1 de enero de 2020,28079,Madrid,2, Arganzuela,26,PalosdeMoguer,262890.0,12276.0,14013.0
1 de enero de 2020,28079,Madrid,2, Arganzuela,27,Atocha,12110.0,600.0,611.0
1 de enero de 2020,28079,Madrid,3, Retiro,31,Pacífico,337670.0,15108.0,18659.0
1 de enero de 2020,28079,Madrid,3, Retiro,32,Adelfas,187850.0,8655.0,1013.0
1 de enero de 2020,28079,Madrid,3, Retiro,33,Estrella,233540.0,10765.0,12589.0
1 de enero de 2020,28079,Madrid,3, Retiro,34,Ibiza,219930.0,9699.0,12294.0
1 de enero de 2020,28079,Madrid,3, Retiro,35,LosJerónimos,70460.0,3293.0,3753.0
1 de enero de 2020,28079,Madrid,3, Retiro,36,NiñoJesús,154610.0,6997.0,8464.0
1 de enero de 2020,28079,Madrid,4, Salamanca,41,Recoletos,158460.0,7132.0,8714.0
1 de enero de 2020,28079,Madrid,4, Salamanca,42,Goya,299450.0,13012.0,16933.0
1 de enero de 2020,28079,Madrid,4, Salamanca,43,FuentedelBerro,212490.0,9285.0,11964.0
1 de enero de 2020,28079,Madrid,4, Salamanca,44,Guindalera,423060.0,19146.0,2316.0
1 de enero de 2020,28079,Madrid,4, Salamanca,45,Lista,212110.0,9111.0,121.0
1 de enero de 2020,28079,Madrid,4, Salamanca,46,Castellana,172970.0,7534.0,9763.0
1 de enero de 2020,28079,Madrid,5, Chamartín,51,ElViso,174330.0,7843.0,959.0
1 de enero de 2020,28079,Madrid,5, Chamartín,52,Prosperidad,36940.0,16509.0,20431.0
1 de enero de 2020,28079,Madrid,5, Chamartín,53,CiudadJardín,188930.0,8415.0,10478.0
1 de enero de 2020,28079,Madrid,5, Chamartín,54,Hispanoamérica,320420.0,14388.0,17654.0
1 de enero de 2020,28079,Madrid,5, Chamartín,55,NuevaEspaña,250150.0,11347.0,13668.0
1 de enero de 2020,28079,Madrid,5, Chamartín,56,Castilla,172280.0,7922.0,9306.0
1 de enero de 2020,28079,Madrid,6, Tetuán,61,BellasVistas,298950.0,13646.0,16249.0
1 de enero de 2020,28079,Madrid,6, Tetuán,62,CuatroCaminos,351920.0,15832.0,1936.0
1 de enero de 2020,28079,Madrid,6, Tetuán,63,Castillejos,208350.0,9391.0,11444.0
1 de enero de 2020,28079,Madrid,6, Tetuán,64,Almenara,230030.0,10551.0,12452.0
1 de enero de 2020,28079,Madrid,6, Tetuán,65,Valdeacederas,265450.0,12346.0,14199.0
1 de enero de 2020,28079,Madrid,6, Tetuán,66,Berruguete,258430.0,11592.0,14251.0
1 de enero de 2020,28079,Madrid,7, Chamberí,71,Gaztambide,233290.0,10235.0,13094.0
1 de enero de 2020,28079,Madrid,7, Chamberí,72,Arapiles,247040.0,11025.0,13679.0
1 de enero de 2020,28079,Madrid,7, Chamberí,73,Trafalgar,250230.0,11161.0,13862.0
1 de enero de 2020,28079,Madrid,7, Chamberí,74,Almagro,198380.0,8795.0,11043.0
1 de enero de 2020,28079,Madrid,7, Chamberí,75,RíosRosas,275690.0,12132.0,15437.0
1 de enero de 2020,28079,Madrid,7, Chamberí,76,Vallehermoso,204030.0,8788.0,11615.0
1 de enero de 2020,28079,Madrid,8, Fuencarral-El Pardo,81,ElPardo,34720.0,1724.0,1748.0
1 de enero de 2020,28079,Madrid,8, Fuencarral-El Pardo,82,Fuentelarreina,33080.0,15.0,1808.0
1 de enero de 2020,28079,Madrid,8, Fuencarral-El Pardo,83,Peñagrande,449380.0,20899.0,24039.0
1 de enero de 2020,28079,Madrid,8, Fuencarral-El Pardo,84,Pilar,468550.0,21379.0,25476.0
1 de enero de 2020,28079,Madrid,8, Fuencarral-El Pardo,85,LaPaz,336440.0,15754.0,1789.0
1 de enero de 2020,28079,Madrid,8, Fuencarral-El Pardo,86,Valverde,646680.0,30772.0,33896.0
1 de enero de 2020,28079,Madrid,8, Fuencarral-El Pardo,87,Mirasierra,340460.0,16222.0,17824.0
1 de enero de 2020,28079,Madrid,8, Fuencarral-El Pardo,88,ElGoloso,190420.0,939.0,9652.0
1 de enero de 2020,28079,Madrid,9, Moncloa-Aravaca,91,CasadeCampo,132010.0,6114.0,7087.0
1 de enero de 2020,28079,Madrid,9, Moncloa-Aravaca,92,Argüelles,244230.0,11074.0,13349.0
1 de enero de 2020,28079,Madrid,9, Moncloa-Aravaca,93,CiudadUniversitaria,163950.0,7483.0,8912.0
1 de enero de 2020,28079,Madrid,9, Moncloa-Aravaca,94,Valdezarza,304050.0,13918.0,16487.0
1 de enero de 2020,28079,Madrid,9, Moncloa-Aravaca,95,Valdemarín,69570.0,3197.0,376.0
1 de enero de 2020,28079,Madrid,9, Moncloa-Aravaca,96,ElPlantío,27990.0,129.0,1509.0
1 de enero de 2020,28079,Madrid,9, Moncloa-Aravaca,97,Aravaca,275030.0,12899.0,14604.0
1 de enero de 2020,28079,Madrid,10, Latina,101,LosCármenes,177360.0,839.0,9346.0
1 de enero de 2020,28079,Madrid,10, Latina,102,PuertadelÁngel,423620.0,19529.0,22833.0
1 de enero de 2020,28079,Madrid,10, Latina,103,Lucero,367830.0,17091.0,19692.0
1 de enero de 2020,28079,Madrid,10, Latina,104,Aluche,674180.0,30925.0,36493.0
1 de enero de 2020,28079,Madrid,10, Latina,105,Campamento,198480.0,9216.0,10632.0
1 de enero de 2020,28079,Madrid,10, Latina,106,CuatroVientos,58810.0,2958.0,2923.0
1 de enero de 2020,28079,Madrid,10, Latina,107,Águilas,521110.0,24173.0,27938.0
1 de enero de 2020,28079,Madrid,11, Carabanchel,111,Comillas,230010.0,10566.0,12435.0
1 de enero de 2020,28079,Madrid,11, Carabanchel,112,Opañel,336810.0,15389.0,18292.0
1 de enero de 2020,28079,Madrid,11, Carabanchel,113,SanIsidro,400230.0,1871.0,21313.0
1 de enero de 2020,28079,Madrid,11, Carabanchel,114,VistaAlegre,476020.0,21731.0,25871.0
1 de enero de 2020,28079,Madrid,11, Carabanchel,115,PuertaBonita,359320.0,16822.0,1911.0
1 de enero de 2020,28079,Madrid,11, Carabanchel,116,Buenavista,48010.0,23198.0,24812.0
1 de enero de 2020,28079,Madrid,11, Carabanchel,117,Abrantes,319470.0,14901.0,17046.0
1 de enero de 2020,28079,Madrid,12, Usera,121,Orcasitas,231730.0,10898.0,12275.0
1 de enero de 2020,28079,Madrid,12, Usera,122,Orcasur,141540.0,6846.0,7308.0
1 de enero de 2020,28079,Madrid,12, Usera,123,SanFermín,240010.0,11441.0,1256.0
1 de enero de 2020,28079,Madrid,12, Usera,124,Almendrales,221790.0,10362.0,11817.0
1 de enero de 2020,28079,Madrid,12, Usera,125,Moscardó,271280.0,12673.0,14455.0
1 de enero de 2020,28079,Madrid,12, Usera,126,Zofío,144120.0,6773.0,7639.0
1 de enero de 2020,28079,Madrid,12, Usera,127,Pradolongo,178470.0,8353.0,9494.0
1 de enero de 2020,28079,Madrid,13, Puente de Vallecas,131,Entrevías,355160.0,17076.0,1844.0
1 de enero de 2020,28079,Madrid,13, Puente de Vallecas,132,SanDiego,438990.0,20957.0,22942.0
1 de enero de 2020,28079,Madrid,13, Puente de Vallecas,133,PalomerasBajas,40910.0,19205.0,21705.0
1 de enero de 2020,28079,Madrid,13, Puente de Vallecas,134,PalomerasSureste,431640.0,2061.0,22554.0
1 de enero de 2020,28079,Madrid,13, Puente de Vallecas,135,Portazgo,289680.0,1356.0,15408.0
1 de enero de 2020,28079,Madrid,13, Puente de Vallecas,136,Numancia,48410.0,22827.0,25583.0
1 de enero de 2020,28079,Madrid,14, Moratalaz,141,Pavones,93550.0,4274.0,5081.0
1 de enero de 2020,28079,Madrid,14, Moratalaz,142,Horcajo,64350.0,3074.0,3361.0
1 de enero de 2020,28079,Madrid,14, Moratalaz,143,Marroquina,272320.0,12595.0,14637.0
1 de enero de 2020,28079,Madrid,14, Moratalaz,144,MediaLegua,179510.0,8185.0,9766.0
1 de enero de 2020,28079,Madrid,14, Moratalaz,145,Fontarrón,175190.0,7935.0,9584.0
1 de enero de 2020,28079,Madrid,14, Moratalaz,146,Vinateros,171220.0,7522.0,96.0
1 de enero de 2020,28079,Madrid,15, Ciudad Lineal,151,Ventas,488910.0,21942.0,26949.0
1 de enero de 2020,28079,Madrid,15, Ciudad Lineal,152,PuebloNuevo,635210.0,29399.0,34122.0
1 de enero de 2020,28079,Madrid,15, Ciudad Lineal,153,Quintana,251510.0,1112.0,14031.0
1 de enero de 2020,28079,Madrid,15, Ciudad Lineal,154,Concepción,211530.0,9374.0,11779.0
1 de enero de 2020,28079,Madrid,15, Ciudad Lineal,155,SanPascual,181070.0,8152.0,9955.0
1 de enero de 2020,28079,Madrid,15, Ciudad Lineal,156,SanJuanBautista,127250.0,5923.0,6802.0
1 de enero de 2020,28079,Madrid,15, Ciudad Lineal,157,Colina,65190.0,2938.0,3581.0
1 de enero de 2020,28079,Madrid,15, Ciudad Lineal,158,Atalaya,15550.0,667.0,888.0
1 de enero de 2020,28079,Madrid,15, Ciudad Lineal,159,Costillares,222450.0,10451.0,11794.0
1 de enero de 2020,28079,Madrid,16, Hortaleza,161,Palomas,68390.0,3318.0,3521.0
1 de enero de 2020,28079,Madrid,16, Hortaleza,162,Piovera,149390.0,7119.0,782.0
1 de enero de 2020,28079,Madrid,16, Hortaleza,163,Canillas,408380.0,19028.0,2181.0
1 de enero de 2020,28079,Madrid,16, Hortaleza,164,PinardelRey,531620.0,24529.0,28633.0
1 de enero de 2020,28079,Madrid,16, Hortaleza,165,ApóstolSantiago,155550.0,7365.0,819.0
1 de enero de 2020,28079,Madrid,16, Hortaleza,166,Valdefuentes,619310.0,303.0,31631.0
1 de enero de 2020,28079,Madrid,17, Villaverde,171,VillaverdeAlto,,,
1 de enero de 2020,28079,Madrid,17, Villaverde,172,SanCristóbal,168980.0,8222.0,8676.0
1 de enero de 2020,28079,Madrid,17, Villaverde,173,Butarque,200260.0,9704.0,10322.0
1 de enero de 2020,28079,Madrid,17, Villaverde,174,LosRosales,381070.0,18336.0,19771.0
1 de enero de 2020,28079,Madrid,17, Villaverde,175,Ángeles,325380.0,15149.0,17389.0
1 de enero de 2020,28079,Madrid,18, Villa de Vallecas,181,CascoHistóricodeVallecas,409560.0,19656.0,213.0
1 de enero de 2020,28079,Madrid,18, Villa de Vallecas,182,SantaEugenia,246840.0,11833.0,12851.0
1 de enero de 2020,28079,Madrid,18, Villa de Vallecas,183,EnsanchedeVallecas,488720.0,24021.0,24851.0
1 de enero de 2020,28079,Madrid,19, Vicálvaro,191,CascoHistóricodeVicálvaro,356660.0,1722.0,18446.0
1 de enero de 2020,28079,Madrid,19, Vicálvaro,192,Valdebernardo,178340.0,8478.0,9356.0
1 de enero de 2020,28079,Madrid,19, Vicálvaro,193,Valderrivas,18150.0,8867.0,9283.0
1 de enero de 2020,28079,Madrid,19, Vicálvaro,194,ElCañaveral,23980.0,123.0,1168.0
1 de enero de 2020,28079,Madrid,20, San Blas-Canillejas,201,Simancas,286980.0,13574.0,15124.0
1 de enero de 2020,28079,Madrid,20, San Blas-Canillejas,202,Hellín,93420.0,426.0,5082.0
1 de enero de 2020,28079,Madrid,20, San Blas-Canillejas,203,Amposta,88740.0,4108.0,4766.0
1 de enero de 2020,28079,Madrid,20, San Blas-Canillejas,204,Arcos,246920.0,11612.0,1308.0
1 de enero de 2020,28079,Madrid,20, San Blas-Canillejas,205,Rosas,317940.0,15253.0,16541.0
1 de enero de 2020,28079,Madrid,20, San Blas-Canillejas,206,Rejas,172990.0,8395.0,8904.0
1 de enero de 2020,28079,Madrid,20, San Blas-Canillejas,207,Canillejas,290470.0,13607.0,1544.0
1 de enero de 2020,28079,Madrid,20, San Blas-Canillejas,208,ElSalvador,114760.0,5443.0,6033.0
1 de enero de 2020,28079,Madrid,21, Barajas,211,AlamedadeOsuna,19820.0,9533.0,10287.0
1 de enero de 2020,28079,Madrid,21, Barajas,212,Aeropuerto,190.0,975.0,925.0
1 de enero de 2020,28079,Madrid,21, Barajas,213,CascoHistóricodeBarajas,76830.0,3688.0,3995.0
1 de enero de 2020,28079,Madrid,21, Barajas,214,Timón,128530.0,6151.0,6702.0
1 de enero de 2020,28079,Madrid,21, Barajas,215,Corralejos,77540.0,3802.0,3952.0
1 de enero de 2019,28079,Madrid,1, Centro,1,Centro,1348810.0,67829.0,67052.0
1 de enero de 2019,28079,Madrid,2, Arganzuela,2,Arganzuela,153830.0,71631.0,82199.0
1 de enero de 2019,28079,Madrid,3, Retiro,3,Retiro,1193790.0,54098.0,65281.0
1 de enero de 2019,28079,Madrid,4, Salamanca,4,Salamanca,1461480.0,64395.0,81753.0
1 de enero de 2019,28079,Madrid,5, Chamartín,5,Chamartín,1458650.0,65565.0,803.0
1 de enero de 2019,28079,Madrid,6, Tetuán,6,Tetuán,1579370.0,71632.0,86305.0
1 de enero de 2019,28079,Madrid,7, Chamberí,7,Chamberí,1394480.0,61308.0,7814.0
1 de enero de 2019,28079,Madrid,8, Fuencarral-El Pardo,8,Fuencarral-ElPardo,2460210.0,115797.0,130224.0
1 de enero de 2019,28079,Madrid,9, Moncloa-Aravaca,9,Moncloa-Aravaca,1194230.0,54934.0,64489.0
1 de enero de 2019,28079,Madrid,10, Latina,10,Latina,2381540.0,110401.0,127753.0
1 de enero de 2019,28079,Madrid,11, Carabanchel,11,Carabanchel,253040.0,117802.0,135238.0
1 de enero de 2019,28079,Madrid,12, Usera,12,Usera,1395010.0,65781.0,7372.0
1 de enero de 2019,28079,Madrid,13, Puente de Vallecas,13,PuentedeVallecas,234770.0,111183.0,123587.0
1 de enero de 2019,28079,Madrid,14, Moratalaz,14,Moratalaz,946090.0,43209.0,514.0
1 de enero de 2019,28079,Madrid,15, Ciudad Lineal,15,CiudadLineal,216270.0,9837.0,1179.0
1 de enero de 2019,28079,Madrid,16, Hortaleza,16,Hortaleza,1882670.0,89307.0,9896.0
1 de enero de 2019,28079,Madrid,17, Villaverde,17,Villaverde,1488830.0,71017.0,77866.0
1 de enero de 2019,28079,Madrid,18, Villa de Vallecas,18,VilladeVallecas,1104360.0,53675.0,56761.0
1 de enero de 2019,28079,Madrid,19, Vicálvaro,19,Vicálvaro,721260.0,34848.0,37278.0
1 de enero de 2019,28079,Madrid,20, San Blas-Canillejas,20,SanBlas-Canillejas,1581660.0,74743.0,83423.0
1 de enero de 2019,28079,Madrid,21, Barajas,21,Barajas,489720.0,23653.0,25319.0
1 de enero de 2019,28079,Madrid,1, Centro,11,Palacio,229230.0,11213.0,1171.0
1 de enero de 2019,28079,Madrid,1, Centro,12,Embajadores,452590.0,2339.0,21869.0
1 de enero de 2019,28079,Madrid,1, Centro,13,Cortes,104840.0,5235.0,5249.0
1 de enero de 2019,28079,Madrid,1, Centro,14,Justicia,171530.0,8675.0,8478.0
1 de enero de 2019,28079,Madrid,1, Centro,15,Universidad,317250.0,15567.0,16158.0
1 de enero de 2019,28079,Madrid,1, Centro,16,Sol,73370.0,3749.0,3588.0
1 de enero de 2019,28079,Madrid,2, Arganzuela,21,Imperial,227660.0,10543.0,12223.0
1 de enero de 2019,28079,Madrid,2, Arganzuela,22,Acacias,367850.0,16943.0,19842.0
1 de enero de 2019,28079,Madrid,2, Arganzuela,23,Chopera,199930.0,9064.0,10929.0
1 de enero de 2019,28079,Madrid,2, Arganzuela,24,Legazpi,196520.0,9629.0,10023.0
1 de enero de 2019,28079,Madrid,2, Arganzuela,25,Delicias,276580.0,1288.0,14778.0
1 de enero de 2019,28079,Madrid,2, Arganzuela,26,PalosdeMoguer,258010.0,11999.0,13802.0
1 de enero de 2019,28079,Madrid,2, Arganzuela,27,Atocha,11750.0,573.0,602.0
1 de enero de 2019,28079,Madrid,3, Retiro,31,Pacífico,335710.0,14992.0,18579.0
1 de enero de 2019,28079,Madrid,3, Retiro,32,Adelfas,184740.0,8532.0,9942.0
1 de enero de 2019,28079,Madrid,3, Retiro,33,Estrella,233060.0,10798.0,12508.0
1 de enero de 2019,28079,Madrid,3, Retiro,34,Ibiza,216460.0,9517.0,12129.0
1 de enero de 2019,28079,Madrid,3, Retiro,35,LosJerónimos,70390.0,3285.0,3754.0
1 de enero de 2019,28079,Madrid,3, Retiro,36,NiñoJesús,153430.0,6974.0,8369.0
1 de enero de 2019,28079,Madrid,4, Salamanca,41,Recoletos,157340.0,7074.0,866.0
1 de enero de 2019,28079,Madrid,4, Salamanca,42,Goya,296490.0,12836.0,16813.0
1 de enero de 2019,28079,Madrid,4, Salamanca,43,FuentedelBerro,210710.0,9197.0,11874.0
1 de enero de 2019,28079,Madrid,4, Salamanca,44,Guindalera,416090.0,18809.0,228.0
1 de enero de 2019,28079,Madrid,4, Salamanca,45,Lista,209610.0,904.0,11921.0
1 de enero de 2019,28079,Madrid,4, Salamanca,46,Castellana,171240.0,7439.0,9685.0
1 de enero de 2019,28079,Madrid,5, Chamartín,51,ElViso,173020.0,7783.0,9519.0
1 de enero de 2019,28079,Madrid,5, Chamartín,52,Prosperidad,366510.0,16374.0,20277.0
1 de enero de 2019,28079,Madrid,5, Chamartín,53,CiudadJardín,186420.0,8233.0,10409.0
1 de enero de 2019,28079,Madrid,5, Chamartín,54,Hispanoamérica,317330.0,14218.0,17515.0
1 de enero de 2019,28079,Madrid,5, Chamartín,55,NuevaEspaña,246570.0,11166.0,13491.0
1 de enero de 2019,28079,Madrid,5, Chamartín,56,Castilla,16880.0,7791.0,9089.0
1 de enero de 2019,28079,Madrid,6, Tetuán,61,BellasVistas,291460.0,13292.0,15854.0
1 de enero de 2019,28079,Madrid,6, Tetuán,62,CuatroCaminos,346080.0,1558.0,19028.0
1 de enero de 2019,28079,Madrid,6, Tetuán,63,Castillejos,205130.0,9201.0,11312.0
1 de enero de 2019,28079,Madrid,6, Tetuán,64,Almenara,226420.0,10314.0,12328.0
1 de enero de 2019,28079,Madrid,6, Tetuán,65,Valdeacederas,260210.0,12082.0,13939.0
1 de enero de 2019,28079,Madrid,6, Tetuán,66,Berruguete,250070.0,11163.0,13844.0
1 de enero de 2019,28079,Madrid,7, Chamberí,71,Gaztambide,228910.0,10062.0,12829.0
1 de enero de 2019,28079,Madrid,7, Chamberí,72,Arapiles,244550.0,10888.0,13567.0
1 de enero de 2019,28079,Madrid,7, Chamberí,73,Trafalgar,246960.0,10958.0,13738.0
1 de enero de 2019,28079,Madrid,7, Chamberí,74,Almagro,198070.0,8726.0,11081.0
1 de enero de 2019,28079,Madrid,7, Chamberí,75,RíosRosas,273820.0,11982.0,154.0
1 de enero de 2019,28079,Madrid,7, Chamberí,76,Vallehermoso,202170.0,8692.0,11525.0
1 de enero de 2019,28079,Madrid,8, Fuencarral-El Pardo,81,ElPardo,34540.0,1704.0,175.0
1 de enero de 2019,28079,Madrid,8, Fuencarral-El Pardo,82,Fuentelarreina,32650.0,1481.0,1784.0
1 de enero de 2019,28079,Madrid,8, Fuencarral-El Pardo,83,Peñagrande,445080.0,20743.0,23765.0
1 de enero de 2019,28079,Madrid,8, Fuencarral-El Pardo,84,Pilar,464190.0,21206.0,25213.0
1 de enero de 2019,28079,Madrid,8, Fuencarral-El Pardo,85,LaPaz,337650.0,158.0,17965.0
1 de enero de 2019,28079,Madrid,8, Fuencarral-El Pardo,86,Valverde,632010.0,30031.0,3317.0
1 de enero de 2019,28079,Madrid,8, Fuencarral-El Pardo,87,Mirasierra,328980.0,15704.0,17194.0
1 de enero de 2019,28079,Madrid,8, Fuencarral-El Pardo,88,ElGoloso,185110.0,9128.0,9383.0
1 de enero de 2019,28079,Madrid,9, Moncloa-Aravaca,91,CasadeCampo,129910.0,5963.0,7028.0
1 de enero de 2019,28079,Madrid,9, Moncloa-Aravaca,92,Argüelles,240930.0,10907.0,13186.0
1 de enero de 2019,28079,Madrid,9, Moncloa-Aravaca,93,CiudadUniversitaria,16260.0,7398.0,8862.0
1 de enero de 2019,28079,Madrid,9, Moncloa-Aravaca,94,Valdezarza,297220.0,13637.0,16085.0
1 de enero de 2019,28079,Madrid,9, Moncloa-Aravaca,95,Valdemarín,67260.0,3109.0,3617.0
1 de enero de 2019,28079,Madrid,9, Moncloa-Aravaca,96,ElPlantío,28080.0,1301.0,1507.0
1 de enero de 2019,28079,Madrid,9, Moncloa-Aravaca,97,Aravaca,268230.0,12619.0,14204.0
1 de enero de 2019,28079,Madrid,10, Latina,101,LosCármenes,173970.0,8183.0,9214.0
1 de enero de 2019,28079,Madrid,10, Latina,102,PuertadelÁngel,41730.0,19189.0,22541.0
1 de enero de 2019,28079,Madrid,10, Latina,103,Lucero,36090.0,16771.0,19319.0
1 de enero de 2019,28079,Madrid,10, Latina,104,Aluche,663510.0,30451.0,359.0
1 de enero de 2019,28079,Madrid,10, Latina,105,Campamento,192810.0,8981.0,103.0
1 de enero de 2019,28079,Madrid,10, Latina,106,CuatroVientos,57480.0,2909.0,2839.0
1 de enero de 2019,28079,Madrid,10, Latina,107,Águilas,515570.0,23917.0,2764.0
1 de enero de 2019,28079,Madrid,11, Carabanchel,111,Comillas,224030.0,1023.0,12173.0
1 de enero de 2019,28079,Madrid,11, Carabanchel,112,Opañel,330510.0,15125.0,17926.0
1 de enero de 2019,28079,Madrid,11, Carabanchel,113,SanIsidro,389570.0,18196.0,20761.0
1 de enero de 2019,28079,Madrid,11, Carabanchel,114,VistaAlegre,459750.0,20896.0,25079.0
1 de enero de 2019,28079,Madrid,11, Carabanchel,115,PuertaBonita,34860.0,16318.0,18542.0
1 de enero de 2019,28079,Madrid,11, Carabanchel,116,Buenavista,470550.0,22737.0,24318.0
1 de enero de 2019,28079,Madrid,11, Carabanchel,117,Abrantes,307390.0,143.0,16439.0
1 de enero de 2019,28079,Madrid,12, Usera,121,Orcasitas,228370.0,10765.0,12072.0
1 de enero de 2019,28079,Madrid,12, Usera,122,Orcasur,138080.0,6697.0,7111.0
1 de enero de 2019,28079,Madrid,12, Usera,123,SanFermín,236660.0,1131.0,12356.0
1 de enero de 2019,28079,Madrid,12, Usera,124,Almendrales,214390.0,10043.0,11396.0
1 de enero de 2019,28079,Madrid,12, Usera,125,Moscardó,263530.0,123.0,14053.0
1 de enero de 2019,28079,Madrid,12, Usera,126,Zofío,139680.0,6509.0,7459.0
1 de enero de 2019,28079,Madrid,12, Usera,127,Pradolongo,17430.0,8157.0,9273.0
1 de enero de 2019,28079,Madrid,13, Puente de Vallecas,131,Entrevías,346980.0,16677.0,18021.0
1 de enero de 2019,28079,Madrid,13, Puente de Vallecas,132,SanDiego,416640.0,19833.0,21831.0
1 de enero de 2019,28079,Madrid,13, Puente de Vallecas,133,PalomerasBajas,401660.0,18886.0,2128.0
1 de enero de 2019,28079,Madrid,13, Puente de Vallecas,134,PalomerasSureste,425940.0,20253.0,22341.0
1 de enero de 2019,28079,Madrid,13, Puente de Vallecas,135,Portazgo,28350.0,13234.0,15116.0
1 de enero de 2019,28079,Madrid,13, Puente de Vallecas,136,Numancia,472980.0,223.0,24998.0
1 de enero de 2019,28079,Madrid,14, Moratalaz,141,Pavones,91370.0,4185.0,4952.0
1 de enero de 2019,28079,Madrid,14, Moratalaz,142,Horcajo,63340.0,303.0,3304.0
1 de enero de 2019,28079,Madrid,14, Moratalaz,143,Marroquina,27260.0,12646.0,14614.0
1 de enero de 2019,28079,Madrid,14, Moratalaz,144,MediaLegua,178710.0,8166.0,9705.0
1 de enero de 2019,28079,Madrid,14, Moratalaz,145,Fontarrón,171390.0,7779.0,936.0
1 de enero de 2019,28079,Madrid,14, Moratalaz,146,Vinateros,168680.0,7403.0,9465.0
1 de enero de 2019,28079,Madrid,15, Ciudad Lineal,151,Ventas,480990.0,21619.0,2648.0
1 de enero de 2019,28079,Madrid,15, Ciudad Lineal,152,PuebloNuevo,621110.0,2883.0,33281.0
1 de enero de 2019,28079,Madrid,15, Ciudad Lineal,153,Quintana,246220.0,10882.0,1374.0
1 de enero de 2019,28079,Madrid,15, Ciudad Lineal,154,Concepción,208560.0,9245.0,11611.0
1 de enero de 2019,28079,Madrid,15, Ciudad Lineal,155,SanPascual,18130.0,8154.0,9976.0
1 de enero de 2019,28079,Madrid,15, Ciudad Lineal,156,SanJuanBautista,124870.0,581.0,6677.0
1 de enero de 2019,28079,Madrid,15, Ciudad Lineal,157,Colina,63870.0,2864.0,3523.0
1 de enero de 2019,28079,Madrid,15, Ciudad Lineal,158,Atalaya,15680.0,654.0,914.0
1 de enero de 2019,28079,Madrid,15, Ciudad Lineal,159,Costillares,22010.0,10312.0,11698.0
1 de enero de 2019,28079,Madrid,16, Hortaleza,161,Palomas,6790.0,3318.0,3472.0
1 de enero de 2019,28079,Madrid,16, Hortaleza,162,Piovera,149110.0,7155.0,7756.0
1 de enero de 2019,28079,Madrid,16, Hortaleza,163,Canillas,405780.0,18919.0,21659.0
1 de enero de 2019,28079,Madrid,16, Hortaleza,164,PinardelRey,526910.0,24277.0,28414.0
1 de enero de 2019,28079,Madrid,16, Hortaleza,165,ApóstolSantiago,154180.0,729.0,8128.0
1 de enero de 2019,28079,Madrid,16, Hortaleza,166,Valdefuentes,578790.0,28348.0,29531.0
1 de enero de 2019,28079,Madrid,17, Villaverde,171,VillaverdeAlto,,,
1 de enero de 2019,28079,Madrid,17, Villaverde,172,SanCristóbal,160520.0,7834.0,8218.0
1 de enero de 2019,28079,Madrid,17, Villaverde,173,Butarque,18870.0,911.0,976.0
1 de enero de 2019,28079,Madrid,17, Villaverde,174,LosRosales,375870.0,18071.0,19516.0
1 de enero de 2019,28079,Madrid,17, Villaverde,175,Ángeles,31170.0,14514.0,16656.0
1 de enero de 2019,28079,Madrid,18, Villa de Vallecas,181,CascoHistóricodeVallecas,40280.0,19417.0,20863.0
1 de enero de 2019,28079,Madrid,18, Villa de Vallecas,182,SantaEugenia,243280.0,11692.0,12636.0
1 de enero de 2019,28079,Madrid,18, Villa de Vallecas,183,EnsanchedeVallecas,458280.0,22566.0,23262.0
1 de enero de 2019,28079,Madrid,19, Vicálvaro,191,CascoHistóricodeVicálvaro,348160.0,16781.0,18035.0
1 de enero de 2019,28079,Madrid,19, Vicálvaro,192,Valdebernardo,176380.0,8388.0,925.0
1 de enero de 2019,28079,Madrid,19, Vicálvaro,193,Valderrivas,181420.0,8894.0,9248.0
1 de enero de 2019,28079,Madrid,19, Vicálvaro,194,ElCañaveral,1530.0,785.0,745.0
1 de enero de 2019,28079,Madrid,20, San Blas-Canillejas,201,Simancas,279180.0,13142.0,14776.0
1 de enero de 2019,28079,Madrid,20, San Blas-Canillejas,202,Hellín,91570.0,4181.0,4976.0
1 de enero de 2019,28079,Madrid,20, San Blas-Canillejas,203,Amposta,85750.0,3968.0,4607.0
1 de enero de 2019,28079,Madrid,20, San Blas-Canillejas,204,Arcos,242110.0,11327.0,12884.0
1 de enero de 2019,28079,Madrid,20, San Blas-Canillejas,205,Rosas,316770.0,15213.0,16464.0
1 de enero de 2019,28079,Madrid,20, San Blas-Canillejas,206,Rejas,166930.0,8142.0,8551.0
1 de enero de 2019,28079,Madrid,20, San Blas-Canillejas,207,Canillejas,285840.0,13404.0,1518.0
1 de enero de 2019,28079,Madrid,20, San Blas-Canillejas,208,ElSalvador,113510.0,5366.0,5985.0
1 de enero de 2019,28079,Madrid,21, Barajas,211,AlamedadeOsuna,195260.0,9391.0,10135.0
1 de enero de 2019,28079,Madrid,21, Barajas,212,Aeropuerto,18510.0,952.0,899.0
1 de enero de 2019,28079,Madrid,21, Barajas,213,CascoHistóricodeBarajas,75650.0,3648.0,3917.0
1 de enero de 2019,28079,Madrid,21, Barajas,214,Timón,123880.0,5916.0,6472.0
1 de enero de 2019,28079,Madrid,21, Barajas,215,Corralejos,76420.0,3746.0,3896.0
1 de enero de 2018,28079,Madrid,1, Centro,1,Centro,1323520.0,6632.0,66032.0
1 de enero de 2018,28079,Madrid,2, Arganzuela,2,Arganzuela,1529070.0,71039.0,81868.0
1 de enero de 2018,28079,Madrid,3, Retiro,3,Retiro,1190110.0,53863.0,65148.0
1 de enero de 2018,28079,Madrid,4, Salamanca,4,Salamanca,1452680.0,6394.0,81328.0
1 de enero de 2018,28079,Madrid,5, Chamartín,5,Chamartín,1448940.0,65144.0,7975.0
1 de enero de 2018,28079,Madrid,6, Tetuán,6,Tetuán,1559670.0,70725.0,85242.0
1 de enero de 2018,28079,Madrid,7, Chamberí,7,Chamberí,1384180.0,60825.0,77593.0
1 de enero de 2018,28079,Madrid,8, Fuencarral-El Pardo,8,Fuencarral-ElPardo,2429280.0,114433.0,128495.0
1 de enero de 2018,28079,Madrid,9, Moncloa-Aravaca,9,Moncloa-Aravaca,1178350.0,54243.0,63592.0
1 de enero de 2018,28079,Madrid,10, Latina,10,Latina,2357850.0,109392.0,126393.0
1 de enero de 2018,28079,Madrid,11, Carabanchel,11,Carabanchel,248220.0,115525.0,132695.0
1 de enero de 2018,28079,Madrid,12, Usera,12,Usera,1369780.0,64582.0,72396.0
1 de enero de 2018,28079,Madrid,13, Puente de Vallecas,13,PuentedeVallecas,2304880.0,109044.0,121444.0
1 de enero de 2018,28079,Madrid,14, Moratalaz,14,Moratalaz,942610.0,43203.0,51058.0
1 de enero de 2018,28079,Madrid,15, Ciudad Lineal,15,CiudadLineal,2144630.0,97301.0,117162.0
1 de enero de 2018,28079,Madrid,16, Hortaleza,16,Hortaleza,183930.0,87338.0,96592.0
1 de enero de 2018,28079,Madrid,17, Villaverde,17,Villaverde,1455230.0,69552.0,75971.0
1 de enero de 2018,28079,Madrid,18, Villa de Vallecas,18,VilladeVallecas,1076490.0,52352.0,55297.0
1 de enero de 2018,28079,Madrid,19, Vicálvaro,19,Vicálvaro,709620.0,34461.0,36501.0
1 de enero de 2018,28079,Madrid,20, San Blas-Canillejas,20,SanBlas-Canillejas,1561490.0,73922.0,82227.0
1 de enero de 2018,28079,Madrid,21, Barajas,21,Barajas,478360.0,23136.0,247.0
1 de enero de 2018,28079,Madrid,1, Centro,11,Palacio,225150.0,10978.0,11537.0
1 de enero de 2018,28079,Madrid,1, Centro,12,Embajadores,44630.0,23031.0,21599.0
1 de enero de 2018,28079,Madrid,1, Centro,13,Cortes,105310.0,5265.0,5266.0
1 de enero de 2018,28079,Madrid,1, Centro,14,Justicia,165780.0,8334.0,8244.0
1 de enero de 2018,28079,Madrid,1, Centro,15,Universidad,308970.0,1504.0,15857.0
1 de enero de 2018,28079,Madrid,1, Centro,16,Sol,72010.0,3672.0,3529.0
1 de enero de 2018,28079,Madrid,2, Arganzuela,21,Imperial,227190.0,10531.0,12188.0
1 de enero de 2018,28079,Madrid,2, Arganzuela,22,Acacias,367510.0,16926.0,19825.0
1 de enero de 2018,28079,Madrid,2, Arganzuela,23,Chopera,197990.0,8919.0,1088.0
1 de enero de 2018,28079,Madrid,2, Arganzuela,24,Legazpi,192520.0,9446.0,9806.0
1 de enero de 2018,28079,Madrid,2, Arganzuela,25,Delicias,274730.0,12736.0,14737.0
1 de enero de 2018,28079,Madrid,2, Arganzuela,26,PalosdeMoguer,257480.0,11919.0,13829.0
1 de enero de 2018,28079,Madrid,2, Arganzuela,27,Atocha,11650.0,562.0,603.0
1 de enero de 2018,28079,Madrid,3, Retiro,31,Pacífico,336010.0,15.0,18601.0
1 de enero de 2018,28079,Madrid,3, Retiro,32,Adelfas,183450.0,8427.0,9918.0
1 de enero de 2018,28079,Madrid,3, Retiro,33,Estrella,232380.0,10796.0,12442.0
1 de enero de 2018,28079,Madrid,3, Retiro,34,Ibiza,214720.0,9384.0,12088.0
1 de enero de 2018,28079,Madrid,3, Retiro,35,LosJerónimos,70750.0,3315.0,376.0
1 de enero de 2018,28079,Madrid,3, Retiro,36,NiñoJesús,15280.0,6941.0,8339.0
1 de enero de 2018,28079,Madrid,4, Salamanca,41,Recoletos,157560.0,7091.0,8665.0
1 de enero de 2018,28079,Madrid,4, Salamanca,42,Goya,296040.0,12812.0,16792.0
1 de enero de 2018,28079,Madrid,4, Salamanca,43,FuentedelBerro,207470.0,9043.0,11704.0
1 de enero de 2018,28079,Madrid,4, Salamanca,44,Guindalera,412590.0,1857.0,22689.0
1 de enero de 2018,28079,Madrid,4, Salamanca,45,Lista,209560.0,9023.0,11933.0
1 de enero de 2018,28079,Madrid,4, Salamanca,46,Castellana,169460.0,7401.0,9545.0
1 de enero de 2018,28079,Madrid,5, Chamartín,51,ElViso,171450.0,7764.0,9381.0
1 de enero de 2018,28079,Madrid,5, Chamartín,52,Prosperidad,365220.0,16302.0,2022.0
1 de enero de 2018,28079,Madrid,5, Chamartín,53,CiudadJardín,184870.0,8146.0,10341.0
1 de enero de 2018,28079,Madrid,5, Chamartín,54,Hispanoamérica,313730.0,14006.0,17367.0
1 de enero de 2018,28079,Madrid,5, Chamartín,55,NuevaEspaña,244960.0,11124.0,13372.0
1 de enero de 2018,28079,Madrid,5, Chamartín,56,Castilla,168710.0,7802.0,9069.0
1 de enero de 2018,28079,Madrid,6, Tetuán,61,BellasVistas,28750.0,13056.0,15694.0
1 de enero de 2018,28079,Madrid,6, Tetuán,62,CuatroCaminos,342540.0,15458.0,18796.0
1 de enero de 2018,28079,Madrid,6, Tetuán,63,Castillejos,203630.0,9209.0,11154.0
1 de enero de 2018,28079,Madrid,6, Tetuán,64,Almenara,224210.0,10209.0,12212.0
1 de enero de 2018,28079,Madrid,6, Tetuán,65,Valdeacederas,255710.0,11835.0,13736.0
1 de enero de 2018,28079,Madrid,6, Tetuán,66,Berruguete,246080.0,10958.0,1365.0
1 de enero de 2018,28079,Madrid,7, Chamberí,71,Gaztambide,226660.0,9929.0,12737.0
1 de enero de 2018,28079,Madrid,7, Chamberí,72,Arapiles,243350.0,10792.0,13543.0
1 de enero de 2018,28079,Madrid,7, Chamberí,73,Trafalgar,245230.0,10922.0,13601.0
1 de enero de 2018,28079,Madrid,7, Chamberí,74,Almagro,197990.0,8737.0,11062.0
1 de enero de 2018,28079,Madrid,7, Chamberí,75,RíosRosas,270490.0,1182.0,15229.0
1 de enero de 2018,28079,Madrid,7, Chamberí,76,Vallehermoso,200460.0,8625.0,11421.0
1 de enero de 2018,28079,Madrid,8, Fuencarral-El Pardo,81,ElPardo,34560.0,1689.0,1767.0
1 de enero de 2018,28079,Madrid,8, Fuencarral-El Pardo,82,Fuentelarreina,32340.0,1437.0,1797.0
1 de enero de 2018,28079,Madrid,8, Fuencarral-El Pardo,83,Peñagrande,444120.0,20719.0,23693.0
1 de enero de 2018,28079,Madrid,8, Fuencarral-El Pardo,84,Pilar,460940.0,21107.0,24987.0
1 de enero de 2018,28079,Madrid,8, Fuencarral-El Pardo,85,LaPaz,337830.0,15826.0,17957.0
1 de enero de 2018,28079,Madrid,8, Fuencarral-El Pardo,86,Valverde,619410.0,29476.0,32465.0
1 de enero de 2018,28079,Madrid,8, Fuencarral-El Pardo,87,Mirasierra,320580.0,15329.0,16729.0
1 de enero de 2018,28079,Madrid,8, Fuencarral-El Pardo,88,ElGoloso,17950.0,885.0,91.0
1 de enero de 2018,28079,Madrid,9, Moncloa-Aravaca,91,CasadeCampo,1290.0,5935.0,6965.0
1 de enero de 2018,28079,Madrid,9, Moncloa-Aravaca,92,Argüelles,239920.0,1089.0,13102.0
1 de enero de 2018,28079,Madrid,9, Moncloa-Aravaca,93,CiudadUniversitaria,160970.0,7314.0,8783.0
1 de enero de 2018,28079,Madrid,9, Moncloa-Aravaca,94,Valdezarza,294180.0,13458.0,1596.0
1 de enero de 2018,28079,Madrid,9, Moncloa-Aravaca,95,Valdemarín,6560.0,3018.0,3542.0
1 de enero de 2018,28079,Madrid,9, Moncloa-Aravaca,96,ElPlantío,2720.0,1287.0,1433.0
1 de enero de 2018,28079,Madrid,9, Moncloa-Aravaca,97,Aravaca,261480.0,12341.0,13807.0
1 de enero de 2018,28079,Madrid,10, Latina,101,LosCármenes,171920.0,8102.0,909.0
1 de enero de 2018,28079,Madrid,10, Latina,102,PuertadelÁngel,413970.0,19061.0,22336.0
1 de enero de 2018,28079,Madrid,10, Latina,103,Lucero,354880.0,16491.0,18997.0
1 de enero de 2018,28079,Madrid,10, Latina,104,Aluche,659610.0,30254.0,35707.0
1 de enero de 2018,28079,Madrid,10, Latina,105,Campamento,189830.0,8828.0,10155.0
1 de enero de 2018,28079,Madrid,10, Latina,106,CuatroVientos,56620.0,287.0,2792.0
1 de enero de 2018,28079,Madrid,10, Latina,107,Águilas,511020.0,23786.0,27316.0
1 de enero de 2018,28079,Madrid,11, Carabanchel,111,Comillas,222480.0,10164.0,12084.0
1 de enero de 2018,28079,Madrid,11, Carabanchel,112,Opañel,324920.0,14796.0,17696.0
1 de enero de 2018,28079,Madrid,11, Carabanchel,113,SanIsidro,385540.0,17967.0,20587.0
1 de enero de 2018,28079,Madrid,11, Carabanchel,114,VistaAlegre,450080.0,2048.0,24528.0
1 de enero de 2018,28079,Madrid,11, Carabanchel,115,PuertaBonita,339330.0,15942.0,17991.0
1 de enero de 2018,28079,Madrid,11, Carabanchel,116,Buenavista,462160.0,22332.0,23884.0
1 de enero de 2018,28079,Madrid,11, Carabanchel,117,Abrantes,297690.0,13844.0,15925.0
1 de enero de 2018,28079,Madrid,12, Usera,121,Orcasitas,225550.0,10634.0,11921.0
1 de enero de 2018,28079,Madrid,12, Usera,122,Orcasur,135720.0,6576.0,6996.0
1 de enero de 2018,28079,Madrid,12, Usera,123,SanFermín,232090.0,11111.0,12098.0
1 de enero de 2018,28079,Madrid,12, Usera,124,Almendrales,209860.0,9824.0,11162.0
1 de enero de 2018,28079,Madrid,12, Usera,125,Moscardó,257260.0,11971.0,13755.0
1 de enero de 2018,28079,Madrid,12, Usera,126,Zofío,136970.0,6371.0,7326.0
1 de enero de 2018,28079,Madrid,12, Usera,127,Pradolongo,172330.0,8095.0,9138.0
1 de enero de 2018,28079,Madrid,13, Puente de Vallecas,131,Entrevías,339860.0,16314.0,17672.0
1 de enero de 2018,28079,Madrid,13, Puente de Vallecas,132,SanDiego,402670.0,19037.0,2123.0
1 de enero de 2018,28079,Madrid,13, Puente de Vallecas,133,PalomerasBajas,396690.0,18614.0,21055.0
1 de enero de 2018,28079,Madrid,13, Puente de Vallecas,134,PalomerasSureste,42120.0,20115.0,22005.0
1 de enero de 2018,28079,Madrid,13, Puente de Vallecas,135,Portazgo,279080.0,13033.0,14875.0
1 de enero de 2018,28079,Madrid,13, Puente de Vallecas,136,Numancia,465380.0,21931.0,24607.0
1 de enero de 2018,28079,Madrid,14, Moratalaz,141,Pavones,90810.0,4174.0,4907.0
1 de enero de 2018,28079,Madrid,14, Moratalaz,142,Horcajo,63260.0,3031.0,3295.0
1 de enero de 2018,28079,Madrid,14, Moratalaz,143,Marroquina,273780.0,12742.0,14636.0
1 de enero de 2018,28079,Madrid,14, Moratalaz,144,MediaLegua,177570.0,809.0,9667.0
1 de enero de 2018,28079,Madrid,14, Moratalaz,145,Fontarrón,169020.0,773.0,9172.0
1 de enero de 2018,28079,Madrid,14, Moratalaz,146,Vinateros,168170.0,7436.0,9381.0
1 de enero de 2018,28079,Madrid,15, Ciudad Lineal,151,Ventas,477440.0,21405.0,26339.0
1 de enero de 2018,28079,Madrid,15, Ciudad Lineal,152,PuebloNuevo,61160.0,283.0,3286.0
1 de enero de 2018,28079,Madrid,15, Ciudad Lineal,153,Quintana,243730.0,10743.0,1363.0
1 de enero de 2018,28079,Madrid,15, Ciudad Lineal,154,Concepción,208030.0,9181.0,11622.0
1 de enero de 2018,28079,Madrid,15, Ciudad Lineal,155,SanPascual,180680.0,81.0,9968.0
1 de enero de 2018,28079,Madrid,15, Ciudad Lineal,156,SanJuanBautista,124330.0,5782.0,6651.0
1 de enero de 2018,28079,Madrid,15, Ciudad Lineal,157,Colina,62880.0,2835.0,3453.0
1 de enero de 2018,28079,Madrid,15, Ciudad Lineal,158,Atalaya,15750.0,656.0,919.0
1 de enero de 2018,28079,Madrid,15, Ciudad Lineal,159,Costillares,220190.0,10299.0,1172.0
1 de enero de 2018,28079,Madrid,16, Hortaleza,161,Palomas,67380.0,3292.0,3446.0
1 de enero de 2018,28079,Madrid,16, Hortaleza,162,Piovera,147230.0,7042.0,7681.0
1 de enero de 2018,28079,Madrid,16, Hortaleza,163,Canillas,406270.0,18933.0,21694.0
1 de enero de 2018,28079,Madrid,16, Hortaleza,164,PinardelRey,522740.0,24119.0,28155.0
1 de enero de 2018,28079,Madrid,16, Hortaleza,165,ApóstolSantiago,152710.0,725.0,8021.0
1 de enero de 2018,28079,Madrid,16, Hortaleza,166,Valdefuentes,542970.0,26702.0,27595.0
1 de enero de 2018,28079,Madrid,17, Villaverde,171,VillaverdeAlto,,,
1 de enero de 2018,28079,Madrid,17, Villaverde,172,SanCristóbal,154980.0,7527.0,7971.0
1 de enero de 2018,28079,Madrid,17, Villaverde,173,Butarque,182680.0,8859.0,9409.0
1 de enero de 2018,28079,Madrid,17, Villaverde,174,LosRosales,369750.0,17874.0,19101.0
1 de enero de 2018,28079,Madrid,17, Villaverde,175,Ángeles,304830.0,14153.0,1633.0
1 de enero de 2018,28079,Madrid,18, Villa de Vallecas,181,CascoHistóricodeVallecas,39740.0,19128.0,20612.0
1 de enero de 2018,28079,Madrid,18, Villa de Vallecas,182,SantaEugenia,242950.0,11672.0,12623.0
1 de enero de 2018,28079,Madrid,18, Villa de Vallecas,183,EnsanchedeVallecas,436140.0,21552.0,22062.0
1 de enero de 2018,28079,Madrid,19, Vicálvaro,191,CascoHistóricodeVicálvaro,3420.0,16585.0,17615.0
1 de enero de 2018,28079,Madrid,19, Vicálvaro,192,Valdebernardo,176370.0,8434.0,9203.0
1 de enero de 2018,28079,Madrid,19, Vicálvaro,193,Valderrivas,18180.0,8952.0,9228.0
1 de enero de 2018,28079,Madrid,19, Vicálvaro,194,ElCañaveral,9450.0,490.0,455.0
1 de enero de 2018,28079,Madrid,20, San Blas-Canillejas,201,Simancas,272420.0,12851.0,14391.0
1 de enero de 2018,28079,Madrid,20, San Blas-Canillejas,202,Hellín,89410.0,4093.0,4848.0
1 de enero de 2018,28079,Madrid,20, San Blas-Canillejas,203,Amposta,83460.0,3851.0,4495.0
1 de enero de 2018,28079,Madrid,20, San Blas-Canillejas,204,Arcos,239390.0,11203.0,12736.0
1 de enero de 2018,28079,Madrid,20, San Blas-Canillejas,205,Rosas,31560.0,15197.0,16363.0
1 de enero de 2018,28079,Madrid,20, San Blas-Canillejas,206,Rejas,163150.0,8008.0,8307.0
1 de enero de 2018,28079,Madrid,20, San Blas-Canillejas,207,Canillejas,285190.0,13371.0,15148.0
1 de enero de 2018,28079,Madrid,20, San Blas-Canillejas,208,ElSalvador,112870.0,5348.0,5939.0
1 de enero de 2018,28079,Madrid,21, Barajas,211,AlamedadeOsuna,194460.0,9356.0,1009.0
1 de enero de 2018,28079,Madrid,21, Barajas,212,Aeropuerto,17940.0,922.0,872.0
1 de enero de 2018,28079,Madrid,21, Barajas,213,CascoHistóricodeBarajas,73360.0,355.0,3786.0
1 de enero de 2018,28079,Madrid,21, Barajas,214,Timón,11750.0,5651.0,6099.0
1 de enero de 2018,28079,Madrid,21, Barajas,215,Corralejos,7510.0,3657.0,3853.0
